IUPAC,Galectin-3 (20ug/ml) Slide:13619,Gal-3C (0.5ug/ml) Slide:15163,Gal-3C (2ug/ml) Slide:15156,Gal-3C (5ug/ml) Slide:15161,Gal-3C (20ug/ml) Slide:15157,Gal-3C (50ug/ml) Slide:15162,binding
Gal(a1-Sp8,14.879975,14.307025,17.8393,46.955075,12.575375,22.160975,low
Glc(a1-Sp8,17.489825,20.951025,18.0777,24.438875,21.465975,26.972675,low
Man(a1-Sp8,58.40865,32.055675,20.944025,30.5711,25.9342,30.750625,low
GalNAc(a1-Sp8,24.675825,30.889325,13.496225,28.18935,10.909375,39.992,low
GalNAc(a1-Sp15,26.20815,37.9034,17.857275,23.329375,13.30975,30.986175,low
Fuc(a1-Sp8,11.034175,15.72225,13.04415,21.87335,24.1898,10.166325,low
Fuc(a1-Sp9,26.4229,88.063975,85.190125,83.506375,71.2898,114.440625,low
Neu5Ac(a1-Sp8,28.899525,20.040625,14.807,28.34635,22.633275,25.9439,low
Neu5Ac(a1-Sp11,29.339675,15.33295,20.66435,20.70145,19.180525,30.617275,low
Neu5Ac(b1-Sp8,15.44885,3.563625,3.459425,13.104825,12.8635,21.2253,low
Gal(b1-Sp8,18.948125,23.228,21.0617,11.772875,24.34195,28.9782,low
Glc(b1-Sp8,4.9898,17.630075,13.9967,20.1012,21.106725,22.68105,low
Man(b1-Sp8,5.41205,21.369925,17.277475,10.194525,26.565825,16.0441,low
GalNAc(b1-Sp8,20.58885,28.573525,26.55535,33.262575,27.83785,41.3959,low
GlcNAc(b1-Sp0,34.847375,22.78345,21.236925,22.1444,10.3411,26.294075,low
GlcNAc(b1-Sp8,19.111875,14.2183,13.105225,23.5843,9.62585,38.709925,low
Gal(b1-4)GlcNAc(b1-6)[Gal(b1-4)GlcNAc(b1-3)]GalNAc(a1-Sp8,11.9081,22.342925,12.39465,14.890625,32.715175,41.474025,low
Gal(b1-4)GlcNAc(b1-6)[Gal(b1-4)GlcNAc(b1-3)]GalNAc(b1-Sp14,127.537475,19.116375,19.388975,29.9927,18.7023,65.334775,low
GlcNAc(b1-6)[GlcNAc(b1-4)][GlcNAc(b1-3)]GlcNAc(b1-Sp8,8.733625,9.823,15.236575,0.815975,24.523675,21.18745,low
6S(3S)Gal(b1-4)(6S)GlcNAc(b1-Sp0,15.35555,14.729875,32.813075,15.287775,25.21335,20.457175,low
6S(3S)Gal(b1-4)GlcNAc(b1-Sp0,23.42325,14.713225,10.8002,25.310725,18.859425,18.238125,low
(3S)Gal(b1-4)[Fuc(a1-3)](6S)Glc(1-Sp0,29.8953,23.742825,22.220325,52.81725,32.336875,78.02505,low
(3S)Gal(b1-4)Glc(b1-Sp8,19.055125,26.149575,13.4403,21.2025,27.364625,28.049375,low
(3S)Gal(b1-4)(6S)Glc(b1-Sp0,11.719925,23.499675,10.1004,18.4579,31.430525,22.697075,low
(3S)Gal(b1-4)(6S)Glc(b1-Sp8,21.377725,13.31625,25.001775,14.76205,33.27645,51.557825,low
(3S)Gal(b1-3)[Fuc(a1-4)]GlcNAc(b1-Sp8,13.846625,21.46365,15.787925,27.14425,14.433325,23.987375,low
(3S)Gal(b1-3)GalNAc(a1-Sp8,13.2114,14.742325,14.736525,17.019825,34.74155,14.7404,low
(3S)Gal(b1-3)GlcNAc(b1-Sp0,2.0286,12.8572,21.36835,24.437175,46.83395,119.48115,low
(3S)Gal(b1-3)GlcNAc(b1-Sp8,31.46,42.918075,23.920275,62.145625,117.515375,124.769975,low
(3S)Gal(b1-4)[Fuc(a1-3)]GlcNAc(1-Sp0,17.84885,35.28145,20.681875,28.718925,45.15025,45.902,low
(3S)Gal(b1-4)[Fuc(a1-3)]GlcNAc(1-Sp8,32.746125,6.3469,19.7368,11.509475,23.577325,20.2403,low
(3S)Gal(b1-4)(6S)GlcNAc(b1-Sp0,24.570025,17.151425,37.457075,53.76805,247.5979,500.492375,low
(3S)Gal(b1-4)(6S)GlcNAc(b1-Sp8,18.062125,25.16315,45.149075,52.42715,398.380425,734.266825,low
(3S)Gal(b1-4)GlcNAc(b1-Sp0,27.055925,26.766375,9.1845,46.150925,65.041225,152.249625,low
(3S)Gal(b1-4)GlcNAc(b1-Sp8,14.016475,17.2743,14.2379,19.88195,92.60595,121.831425,low
(3S)Gal(b1-Sp8,7.850825,30.64785,19.109175,18.019175,19.4226,23.070375,low
(6S)(4S)Gal(b1-4)GlcNAc(b1-Sp0,14.71375,16.566125,14.665725,11.408775,13.188225,21.54075,low
(4S)Gal(b1-4)GlcNAc(b1-Sp8,20.8601,9.705425,15.54145,5.6852,8.92585,8.403275,low
(6P)Man(a1-Sp8,15.60245,19.270775,19.773825,9.663825,11.2585,23.027125,low
(6S)Gal(b1-4)Glc(b1-Sp0,7.777925,15.050675,8.6243,17.534125,31.03415,17.9167,low
(6S)Gal(b1-4)Glc(b1-Sp8,17.810225,18.8356,11.269,14.714825,15.94755,17.191775,low
(6S)Gal(b1-4)GlcNAc(b1-Sp8,9.699275,8.150825,8.4723,12.62355,26.313975,38.82215,low
(6S)Gal(b1-4)(6S)Glc(b1-Sp8,13.51785,17.28735,18.13555,17.3809,8.90705,16.078275,low
Neu5Ac(a2-3)(6S)Gal(b1-4)GlcNAc(b1-Sp8,18.66445,14.511525,25.451825,23.734,23.81405,35.737225,low
(6S)GlcNAc(b1-Sp8,9.2541,10.123325,12.7129,17.167125,15.507425,13.374225,low
"Neu5,9Ac2(a1-Sp8",21.28275,11.8973,18.472825,27.7691,27.424975,9.63825,low
"Neu5,9Ac2(a2-6)Gal(b1-4)GlcNAc(b1-Sp8",4.2932,19.755425,17.190825,14.655075,5.296475,6.811175,low
Man(a1-6)[Man(a1-3)]Man(b1-4)GlcNAc(b1-4)GlcNAc(b1-Sp12,10.40595,51.590625,52.7155,33.250025,43.65055,58.402975,low
Man(a1-6)[Man(a1-3)]Man(b1-4)GlcNAc(b1-4)GlcNAc(b1-Sp13,12.7935,33.16005,49.850325,44.382225,44.746275,30.103225,low
GlcNAc(b1-2)Man(a1-6)[GlcNAc(b1-2)Man(a1-3)]Man(b1-4)GlcNAc(b1-4)GlcNAc(b1-Sp12,12.41395,20.55735,14.645725,13.931425,22.57875,25.277275,low
GlcNAc(b1-2)Man(a1-6)[GlcNAc(b1-2)Man(a1-3)]Man(b1-4)GlcNAc(b1-4)GlcNAc(b1-Sp13,7.362575,13.1471,7.58595,15.9054,12.651475,13.944275,low
Gal(b1-4)GlcNAc(b1-2)Man(a1-6)[Gal(b1-4)GlcNAc(b1-2)Man(a1-3)]Man(b1-4)GlcNAc(b1-4)GlcNAc(b1-Sp12,9.9807,5.113875,27.8145,46.00365,34.829425,44.90545,low
Neu5Ac(a2-6)Gal(b1-4)GlcNAc(b1-2)Man(a1-6)[Neu5Ac(a2-6)Gal(b1-4)GlcNAc(b1-2)Man(a1-3)]Man(b1-4)GlcNAc(b1-4)GlcNAc(b1-Sp12,12.122025,15.996925,12.804875,68.02035,4.741525,24.0958,low
Neu5Ac(a2-6)Gal(b1-4)GlcNAc(b1-2)Man(a1-6)[Neu5Ac(a2-6)Gal(b1-4)GlcNAc(b1-2)Man(a1-3)]Man(b1-4)GlcNAc(b1-4)GlcNAc(b1-Sp21,10.763325,4.97615,13.12245,12.920125,17.279275,12.70785,low
Neu5Ac(a2-6)Gal(b1-4)GlcNAc(b1-2)Man(a1-6)[Neu5Ac(a2-6)Gal(b1-4)GlcNAc(b1-2)Man(a1-3)]Man(b1-4)GlcNAc(b1-4)GlcNAc(b1-Sp24,8.477425,29.15305,36.76805,44.962425,44.5266,56.559075,low
Fuc(a1-2)Gal(b1-3)GalNAc(b1-3)Gal(a1-Sp9,5.43665,4.1423,13.583475,9.170675,16.523775,12.399475,low
Fuc(a1-2)Gal(b1-3)GalNAc(b1-3)Gal(a1-4)Gal(b1-4)Glc(b1-Sp9,23.191,25.0123,17.412375,24.3116,17.31455,23.649625,low
Fuc(a1-2)Gal(b1-3)[Fuc(a1-4)]GlcNAc(b1-Sp8,11.384975,11.071375,13.538425,24.008075,11.7982,15.863025,low
Fuc(a1-2)Gal(b1-3)GalNAc(a1-Sp8,5.3379,23.39615,19.4567,16.865225,18.12685,17.46495,low
Fuc(a1-2)Gal(b1-3)GalNAc(a1-Sp14,21.257675,5.150175,19.67885,20.59515,10.516225,19.031375,low
Fuc(a1-2)Gal(b1-3)GalNAc(b1-4)[Neu5Ac(a2-3)]Gal(b1-4)Glc(b1-Sp0,12.576975,4.02305,20.95205,14.847025,25.18535,16.17055,low
Fuc(a1-2)Gal(b1-3)GalNAc(b1-4)[Neu5Ac(a2-3)]Gal(b1-4)Glc(b1-Sp9,32.067925,18.795225,1.80905,16.411225,10.9324,17.359775,low
Fuc(a1-2)Gal(b1-3)GlcNAc(b1-3)Gal(b1-4)Glc(b1-Sp8,11.795225,10.48465,16.005225,61.4584,335.398625,701.7205,low
Fuc(a1-2)Gal(b1-3)GlcNAc(b1-3)Gal(b1-4)Glc(b1-Sp10,6.948225,16.473875,19.268025,41.1064,349.236025,569.43985,low
Fuc(a1-2)Gal(b1-3)GlcNAc(b1-Sp0,11.629075,27.33635,14.816225,32.28975,42.811625,59.3754,low
Fuc(a1-2)Gal(b1-3)GlcNAc(b1-Sp8,1.444475,12.61505,12.210825,7.5358,8.5228,16.008275,low
Fuc(a1-2)Gal(b1-4)[Fuc(a1-3)]GlcNAc(b1-3)Gal(b1-4)[Fuc(a1-3)]GlcNAc(b1-Sp0,6.372125,26.416375,22.023,35.373825,9.91015,38.60845,low
Fuc(a1-2)Gal(b1-4)[Fuc(a1-3)]GlcNAc(b1-3)Gal(b1-4)[Fuc(a1-3)]GlcNAc(b1-3)Gal(b1-4)[Fuc(a1-3)]GlcNAc(b1-Sp0,13.27185,31.598475,11.464125,23.659375,22.81815,45.552425,low
Fuc(a1-2)Gal(b1-4)[Fuc(a1-3)]GlcNAc(b1-Sp0,11.8976,10.182475,24.71325,20.7965,36.42005,55.9554,low
Fuc(a1-2)Gal(b1-4)[Fuc(a1-3)]GlcNAc(b1-Sp8,1.1839,9.35115,12.408775,18.347275,10.45395,16.32835,low
Fuc(a1-2)Gal(b1-4)GlcNAc(b1-3)Gal(b1-4)GlcNAc(b1-Sp0,20.67405,21.0676,329.672025,912.745375,3423.999325,6750.62645,medium
Fuc(a1-2)Gal(b1-4)GlcNAc(b1-3)Gal(b1-4)GlcNAc(b1-3)Gal(b1-4)GlcNAc(b1-Sp0,36.429975,45.30925,613.2849,1437.659875,5577.478125,9892.960325,medium
Fuc(a1-2)Gal(b1-4)GlcNAc(b1-Sp0,4.337125,7.0202,9.081125,25.165975,14.381125,6.604975,low
Fuc(a1-2)Gal(b1-4)GlcNAc(b1-Sp8,10.70555,16.263675,12.3638,37.400025,102.68245,101.665975,low
Fuc(a1-2)Gal(b1-4)Glc(b1-Sp0,6.13605,7.677825,17.53315,16.0068,24.89245,29.7898,low
Fuc(a1-2)Gal(b1-Sp8,7.693525,19.230525,21.793075,30.056175,45.02915,42.03435,low
Fuc(a1-3)GlcNAc(b1-Sp8,4.953575,8.97575,24.8541,16.283975,9.18475,16.900275,low
Fuc(a1-4)GlcNAc(b1-Sp8,11.65885,26.422825,15.05525,45.48135,22.523825,34.786275,low
Fuc(b1-3)GlcNAc(b1-Sp8,8.14465,6.005425,10.274425,34.298125,25.116825,19.751875,low
GalNAc(a1-3)[Fuc(a1-2)]Gal(b1-3)GlcNAc(b1-Sp0,5.7922,18.70025,31.5984,56.462775,343.552375,1302.498725,low
GalNAc(a1-3)[Fuc(a1-2)]Gal(b1-4)[Fuc(a1-3)]GlcNAc(b1-Sp0,31.8364,41.2369,43.494325,37.950575,32.997775,70.699675,low
(3S)Gal(b1-4)[Fuc(a1-3)]Glc(b1-Sp0,11.4676,14.08195,13.800825,29.140325,14.20545,11.601875,low
GalNAc(a1-3)[Fuc(a1-2)]Gal(b1-4)GlcNAc(b1-Sp0,13.454275,36.2201,221.4858,415.67975,1549.977725,4286.684975,medium
GalNAc(a1-3)[Fuc(a1-2)]Gal(b1-4)GlcNAc(b1-Sp8,32.91065,13.98135,246.973525,765.234075,3022.161375,6412.7708,medium
GalNAc(a1-3)[Fuc(a1-2)]Gal(b1-4)Glc(b1-Sp0,25.285225,22.353525,16.056525,78.60055,322.592625,1187.650475,low
GlcNAc(b1-3)Gal(b1-3)GalNAc(a1-Sp8,12.4196,11.004225,16.9314,29.034875,25.09945,21.673325,low
GalNAc(a1-3)[Fuc(a1-2)]Gal(b1-Sp8,-0.13315,7.119375,9.906925,18.750975,8.7335,31.90495,low
GalNAc(a1-3)[Fuc(a1-2)]Gal(b1-Sp18,7.820775,25.64255,11.971225,24.044075,15.69345,18.069975,low
GalNAc(a1-3)GalNAc(b1-Sp8,8.360825,22.584125,14.588025,21.184525,26.4469,14.325875,low
GalNAc(a1-3)Gal(b1-Sp8,7.60985,10.22245,9.309325,4.806,8.118775,12.74285,low
GalNAc(a1-4)[Fuc(a1-2)]Gal(b1-4)GlcNAc(b1-Sp8,24.01645,4.3848,9.425625,16.308475,24.4091,46.98665,low
GalNAc(b1-3)GalNAc(a1-Sp8,6.81795,29.55555,10.057825,23.68715,21.0262,12.935275,low
GalNAc(b1-3)[Fuc(a1-2)]Gal(b1-Sp8,15.233125,29.054925,20.384725,21.9856,14.350275,22.1208,low
GalNAc(b1-3)Gal(a1-4)Gal(b1-4)GlcNAc(b1-Sp0,18.5885,27.8119,34.1914,16.1542,34.866075,70.54705,low
GalNAc(b1-4)[Fuc(a1-3)]GlcNAc(b1-Sp0,18.9776,15.171275,39.103575,30.43485,45.199775,32.552625,low
GalNAc(b1-4)GlcNAc(b1-Sp0,27.262925,27.2462,33.637775,45.192425,40.719125,47.478225,low
GalNAc(b1-4)GlcNAc(b1-Sp8,13.51355,15.3707,36.470325,29.647175,40.729575,78.12575,low
Gal(a1-2)Gal(b1-Sp8,18.415575,5.66995,7.61085,7.391425,8.969725,6.58355,low
Gal(a1-3)[Fuc(a1-2)]Gal(b1-3)GlcNAc(b1-Sp0,6.7652,21.427425,165.58645,537.30115,1291.4379,3238.40815,medium
Gal(a1-3)[Fuc(a1-2)]Gal(b1-3)GlcNAc(b1-Sp8,14.17785,71.071775,244.885375,528.464825,1190.7558,3916.238675,medium
Gal(a1-3)[Fuc(a1-2)]Gal(b1-4)[Fuc(a1-3)]GlcNAc(b1-Sp0,3.4305,37.042075,20.912375,45.0561,39.128175,39.046275,low
Gal(a1-3)[Fuc(a1-2)]Gal(b1-4)[Fuc(a1-3)]GlcNAc(b1-Sp8,16.261975,17.597025,12.251175,17.7121,21.109275,30.1504,low
Gal(a1-3)[Fuc(a1-2)]Gal(b1-4)GlcNAc(b1-Sp0,119.2171,55.17265,587.506325,1896.45115,4657.323975,13292.07558,medium
Gal(a1-3)[Fuc(a1-2)]Gal(b1-4)Glc(b1-Sp0,8.298525,30.15505,38.14235,75.5583,127.982625,502.12,low
Gal(a1-3)[Fuc(a1-2)]Gal(b1-Sp8,7.390575,21.971325,7.524475,11.0026,8.774625,18.706275,low
Gal(a1-3)[Fuc(a1-2)]Gal(b1-Sp18,4.268625,26.764375,23.111525,28.071525,25.729975,17.646125,low
Gal(a1-4)[Gal(a1-3)]Gal(b1-4)GlcNAc(b1-Sp8,24.7292,18.59865,35.24235,12.60715,9.312,25.7426,low
Gal(a1-3)GalNAc(a1-Sp8,33.531825,29.73025,33.363725,26.264225,23.3113,17.6819,low
Gal(a1-3)GalNAc(a1-Sp16,5.671175,35.960525,14.018875,33.891775,26.462275,24.216425,low
Gal(a1-3)GalNAc(b1-Sp8,9.268275,20.94775,20.0739,13.29275,24.147075,16.952575,low
Gal(a1-3)Gal(b1-4)[Fuc(a1-3)]GlcNAc(b1-Sp8,1.730275,18.52395,13.190625,30.132575,28.5549,19.213775,low
Gal(a1-3)Gal(b1-3)GlcNAc(b1-Sp0,4.2176,8.261175,17.653025,11.603125,19.463125,28.52415,low
Gal(a1-3)Gal(b1-4)GlcNAc(b1-Sp8,9.6919,6.064775,28.59325,30.767525,131.98315,183.479625,low
Gal(a1-3)Gal(b1-4)Glc(b1-Sp0,19.16195,10.0126,24.966275,2.210825,34.36155,10.17565,low
Gal(a1-3)Gal(b1-4)Glc(b1-Sp10,13.25485,15.524525,6.7151,19.34265,20.8241,33.9209,low
Gal(a1-3)Gal(b1-Sp8,3.22765,2.813725,18.9946,6.7148,7.349325,34.92795,low
Gal(a1-4)[Fuc(a1-2)]Gal(b1-4)GlcNAc(b1-Sp8,17.83985,23.782975,28.37135,24.917175,6.46755,38.900475,low
Gal(a1-4)Gal(b1-4)GlcNAc(b1-Sp0,15.5645,19.51095,21.987875,26.877975,30.895025,34.8068,low
Gal(a1-4)Gal(b1-4)GlcNAc(b1-Sp8,11.530275,10.793675,23.83355,32.346175,19.339825,29.020375,low
Gal(a1-4)Gal(b1-4)Glc(b1-Sp0,16.0311,25.8919,22.5038,29.61535,11.724225,49.106675,low
Gal(a1-4)GlcNAc(b1-Sp8,3.4829,14.774375,5.602525,22.426525,15.1422,11.54525,low
Gal(a1-6)Glc(b1-Sp8,14.3371,25.22835,11.668575,16.64475,20.64315,17.191975,low
Gal(b1-2)Gal(b1-Sp8,10.99385,22.045325,23.00235,30.285675,22.264025,25.61245,low
Gal(b1-3)[Fuc(a1-4)]GlcNAc(b1-3)Gal(b1-4)[Fuc(a1-3)]GlcNAc(b1-Sp0,7.490775,13.60285,33.594375,19.32295,16.24575,11.253975,low
Gal(b1-3)[Fuc(a1-4)]GlcNAc(b1-Sp0 ,3.353925,4.598075,19.636475,15.29445,20.4584,17.479025,low
Gal(b1-3)[Fuc(a1-4)]GlcNAc(b1-Sp8 ,19.250625,28.240075,20.62025,30.439325,14.98345,14.5552,low
Fuc(a1-4)[Gal(b1-3)]GlcNAc(b1-Sp8,16.12025,9.672325,17.720825,14.188,11.9276,14.713,low
Gal(b1-4)GlcNAc(b1-6)GalNAc(a1-Sp8,3.21755,34.83445,41.05035,31.3907,39.56965,35.2116,low
Gal(b1-4)GlcNAc(b1-6)GalNAc(b1-Sp14,14.9399,12.7912,9.5435,13.4162,35.742675,48.3762,low
GlcNAc(b1-6)[Gal(b1-3)]GalNAc(a1-Sp8 ,11.1348,25.842025,11.213825,4.639975,18.664925,37.21165,low
GlcNAc(b1-6)[Gal(b1-3)]GalNAc(a1-Sp14,12.65485,15.85435,17.24435,21.19965,8.856825,7.830075,low
Neu5Ac(a2-6)[Gal(b1-3)]GalNAc(a1-Sp8,-0.607575,6.676425,8.995975,9.188375,8.064425,21.832425,low
Neu5Ac(a2-6)[Gal(b1-3)]GalNAc(a1-Sp14,2.067325,29.5935,26.338675,32.733525,20.518575,19.66015,low
Neu5Ac(b2-6)[Gal(b1-3)]GalNAc(a1-Sp8,-0.403925,12.89055,13.608275,7.014725,3.635125,14.76735,low
Neu5Ac(a2-6)[Gal(b1-3)]GlcNAc(b1-4)Gal(b1-4)Glc(b1-Sp10,0.9672,6.682275,23.07655,11.47455,19.258875,16.00165,low
Gal(b1-3)GalNAc(a1-Sp8,2.1329,16.977825,10.40995,6.029,17.606175,20.30325,low
Gal(b1-3)GalNAc(a1-Sp14,7.0944,22.574825,17.49535,7.9566,10.3382,18.293,low
Gal(b1-3)GalNAc(a1-Sp16,10.599175,16.311725,24.073325,12.621675,26.70875,27.230825,low
Gal(b1-3)GalNAc(b1-Sp8,5.72235,5.054475,9.085775,24.80795,20.176375,36.854725,low
Gal(b1-3)GalNAc(b1-3)Gal(a1-4)Gal(b1-4)Glc(b1-Sp0,6.533325,23.577775,5.63715,15.831775,17.76035,34.9656,low
Gal(b1-3)GalNAc(b1-4)[Neu5Ac(a2-3)]Gal(b1-4)Glc(b1-Sp0,25.382675,14.161625,15.002425,21.720725,20.9849,14.446275,low
Gal(b1-3)GalNAc(b1-4)Gal(b1-4)Glc(b1-Sp8,21.395925,13.42735,20.0428,35.170575,14.5274,48.9997,low
Gal(b1-3)Gal(b1-Sp8,20.88975,16.841725,17.44825,21.642475,10.28165,52.89235,low
Gal(b1-3)GlcNAc(b1-3)Gal(b1-4)GlcNAc(b1-Sp0,7.354925,11.73965,27.465775,57.166975,360.90885,543.586475,low
Gal(b1-3)GlcNAc(b1-3)Gal(b1-4)Glc(b1-Sp10,8.3213,8.505225,10.811925,20.7145,82.6322,99.098175,low
Gal(b1-3)GlcNAc(b1-Sp0,10.371625,8.022025,6.273375,14.67135,25.028675,15.7432,low
Gal(b1-3)GlcNAc(b1-Sp8,19.5552,8.8666,19.03445,24.45275,21.587075,25.0293,low
Gal(b1-4)[Fuc(a1-3)]GlcNAc(b1-Sp0,1.3569,4.812175,13.51435,16.163125,19.14135,18.70125,low
Gal(b1-4)[Fuc(a1-3)]GlcNAc(b1-Sp8,7.831075,8.5884,13.965425,22.08,16.086325,24.60035,low
Gal(b1-4)[Fuc(a1-3)]GlcNAc(b1-3)Gal(b1-4)[Fuc(a1-3)]GlcNAc(b1-Sp0,11.577975,12.809325,11.51485,12.57195,28.4867,50.8235,low
Gal(b1-4)[Fuc(a1-3)]GlcNAc(b1-3)Gal(b1-4)[Fuc(a1-3)]GlcNAc(b1-3)Gal(b1-4)[Fuc(a1-3)]GlcNAc(b1-Sp0,3.603875,37.0061,20.52075,16.936175,23.7229,26.2112,low
Gal(b1-4)(6S)Glc(b1-Sp0,3.3443,11.057175,15.924575,11.3143,11.33705,20.651725,low
Gal(b1-4)(6S)Glc(b1-Sp8,12.674225,12.5113,14.7644,21.36235,16.26435,38.1571,low
Gal(b1-4)GalNAc(a1-3)[Fuc(a1-2)]Gal(b1-4)GlcNAc(b1-Sp8,27.828075,20.166875,183.100325,492.62585,2073.0297,3494.68525,medium
Gal(b1-4)GalNAc(b1-3)[Fuc(a1-2)]Gal(b1-4)GlcNAc(b1-Sp8,5.0624,11.160475,9.751125,27.468225,17.60585,19.631725,low
Gal(b1-4)GlcNAc(b1-3)GalNAc(a1-Sp8,4.417875,22.265975,21.06955,10.6175,29.882525,19.292,low
Gal(b1-4)GlcNAc(b1-3)GalNAc(b1-Sp14,6.313875,21.04265,20.986225,26.483375,22.348575,14.622775,low
Gal(b1-4)GlcNAc(b1-3)Gal(b1-4)[Fuc(a1-3)]GlcNAc(b1-3)Gal(b1-4)[Fuc(a1-3)]GlcNAc(b1-Sp0,16.908625,9.1425,18.440025,17.049525,39.911025,43.5579,low
Gal(b1-4)GlcNAc(b1-3)Gal(b1-4)GlcNAc(b1-3)Gal(b1-4)GlcNAc(b1-Sp0,35.166875,27.9121,635.84015,1370.5596,6448.185,10090.34925,medium
Gal(b1-4)GlcNAc(b1-3)Gal(b1-4)GlcNAc(b1-Sp0,12.897875,26.103475,338.757625,727.00475,2380.681275,6146.23625,medium
Gal(b1-4)GlcNAc(b1-3)Gal(b1-4)Glc(b1-Sp0,59.4746,10.72365,26.624175,42.865875,383.793,498.333175,low
Gal(b1-4)GlcNAc(b1-3)Gal(b1-4)Glc(b1-Sp8,3.711425,22.211025,34.53035,66.19605,276.5671,1010.4221,low
Gal(b1-4)GlcNAc(b1-6)[Gal(b1-3)]GalNAc(a1-Sp8,7.4909,8.754225,16.6701,5.170325,15.746,42.739475,low
Gal(b1-4)GlcNAc(b1-6)[Gal(b1-3)]GalNAc(b1-Sp14,21.1412,19.290225,14.284025,17.566925,19.03625,10.0032,low
Gal(b1-4)GlcNAc(b1-Sp0,21.03215,17.074275,18.333225,26.79395,11.55565,31.12125,low
Gal(b1-4)GlcNAc(b1-Sp8,5.6726,16.6074,9.39505,15.497125,22.342475,53.3306,low
Gal(b1-4)GlcNAc(b1-Sp23,10.264175,2.293775,7.78055,10.313275,9.487525,16.1589,low
Gal(b1-4)Glc(b1-Sp0,4.9656,15.6811,5.363075,22.587525,11.3142,23.044325,low
Gal(b1-4)Glc(b1-Sp8,8.419875,12.859625,6.690475,6.58995,7.936325,8.799325,low
GlcNAc(a1-3)Gal(b1-4)GlcNAc(b1-Sp8,2.3973,12.07435,7.560075,6.034125,26.156575,18.498675,low
GlcNAc(a1-6)Gal(b1-4)GlcNAc(b1-Sp8,4.1979,12.61365,17.17525,12.58045,18.23885,27.801975,low
GlcNAc(b1-2)Gal(b1-3)GalNAc(a1-Sp8,12.30315,23.5876,12.1343,20.7233,15.62745,11.364975,low
GlcNAc(b1-6)[GlcNAc(b1-3)]GalNAc(a1-Sp8,15.334375,5.276925,23.5998,12.62385,17.782825,16.704425,low
GlcNAc(b1-6)[GlcNAc(b1-3)]GalNAc(a1-Sp14,13.427125,11.7513,12.7923,11.686175,7.724575,25.165325,low
GlcNAc(b1-6)[GlcNAc(b1-3)]Gal(b1-4)GlcNAc(b1-Sp8,12.647525,11.586675,28.965825,8.130475,11.8269,13.178225,low
GlcNAc(b1-3)GalNAc(a1-Sp8,3.6232,6.21715,11.984075,12.862125,5.503475,20.408725,low
GlcNAc(b1-3)GalNAc(a1-Sp14,4.661,25.620775,8.449225,17.019425,10.416275,18.43345,low
GlcNAc(b1-3)Gal(b1-Sp8,8.049275,20.553075,8.389825,8.359375,4.49985,14.5335,low
GlcNAc(b1-3)Gal(b1-4)GlcNAc(b1-Sp0,11.20255,19.8009,13.088325,31.252425,177.741775,321.891175,low
GlcNAc(b1-3)Gal(b1-4)GlcNAc(b1-Sp8,18.560325,24.38795,20.2464,22.976275,209.0796,598.6347,low
GlcNAc(b1-3)Gal(b1-4)GlcNAc(b1-3)Gal(b1-4)GlcNAc(b1-Sp0,43.972225,41.57895,622.40515,1750.41365,7397.48935,13211.24538,medium
GlcNAc(b1-3)Gal(b1-4)Glc(b1-Sp0,1.822525,10.609625,13.20055,17.7725,16.974725,23.1232,low
GlcNAc(b1-MDPLys,5.36275,7.5513,8.3062,27.7222,17.662025,27.701175,low
GlcNAc(b1-6)[GlcNAc(b1-4)]GalNAc(a1-Sp8,4.181075,13.759025,15.27425,21.815625,22.075575,11.418625,low
GlcNAc(b1-4)Gal(b1-4)GlcNAc(b1-Sp8,6.885975,8.556875,7.773225,11.096725,14.84155,11.080375,low
GlcNAc(b1-4)GlcNAc(b1-4)GlcNAc(b1-4)GlcNAc(b1-4)GlcNAc(b1-4)GlcNAc(b1-Sp8,7.96345,22.7578,21.64805,19.14995,11.825625,12.238975,low
GlcNAc(b1-4)GlcNAc(b1-4)GlcNAc(b1-4)GlcNAc(b1-4)GlcNAc(b1-Sp8,2.799575,6.865275,7.9816,11.654075,13.8918,5.6115,low
GlcNAc(b1-4)GlcNAc(b1-4)GlcNAc(b1-Sp8,14.659025,9.858325,-1.65125,14.884925,10.415175,5.476475,low
GlcNAc(b1-6)GalNAc(a1-Sp8,14.0691,5.08175,21.84355,10.4823,27.3867,24.150725,low
GlcNAc(b1-6)GalNAc(a1-Sp14,0.514825,14.8061,11.22195,13.6483,6.65245,42.739075,low
GlcNAc(b1-6)Gal(b1-4)GlcNAc(b1-Sp8,11.97285,14.4695,5.055175,21.471025,19.033175,19.474525,low
Glc(a1-4)Glc(b1-Sp8,5.011,5.6154,10.248175,29.9704,17.568125,19.020075,low
Glc(a1-4)Glc(a1-Sp8,10.32645,12.188075,24.3985,18.411975,14.723125,21.942825,low
Glc(a1-6)Glc(a1-6)Glc(b1-Sp8,7.16285,7.657175,13.165925,39.788175,18.561075,25.1904,low
Glc(b1-4)Glc(b1-Sp8,7.8177,8.774625,13.859125,11.2008,19.497575,46.21615,low
Glc(b1-6)Glc(b1-Sp8,4.520775,13.3198,8.156575,11.5534,9.46205,23.97475,low
GlcA(a1-Sp8,6.1158,15.11465,6.968525,18.6333,20.432,8.7457,low
GlcA(b1-Sp8,12.024125,123.9121,93.663225,133.13755,111.41285,80.0269,low
GlcA(b1-3)Gal(b1-Sp8,6.2134,7.2788,6.5722,21.627,9.13925,6.9933,low
GlcA(b1-6)Gal(b1-Sp8,14.121375,14.61615,31.166225,6.2054,19.31935,31.274725,low
KDN(a2-3)Gal(b1-3)GlcNAc(b1-Sp0,14.9536,13.257175,15.988725,32.3967,21.3887,27.11125,low
KDN(a2-3)Gal(b1-4)GlcNAc(b1-Sp0,5.431,12.3979,18.798725,25.16455,26.306175,36.3191,low
Man(a1-2)Man(a1-2)Man(a1-3)Man(a1-Sp9,8.56645,13.0155,10.32785,9.262475,11.645,13.51535,low
Man(a1-2)Man(a1-6)[Man(a1-2)Man(a1-3)]Man(a1-Sp9,2.1477,12.768925,8.68485,14.348025,7.449375,16.356625,low
Man(a1-2)Man(a1-3)Man(a1-Sp9,10.56095,17.5978,19.508225,10.6562,15.405775,10.335725,low
Man(a1-6)[Man(a1-2)Man(a1-3)]Man(a1-6)[Man(a1-2)Man(a1-3)]Man(b1-4)GlcNAc(b1-4)GlcNAc(b1-Sp12,3.7985,14.71175,5.2128,16.6115,12.3123,19.2557,low
Man(a1-2)Man(a1-6)[Man(a1-3)]Man(a1-6)[Man(a1-2)Man(a1-2)Man(a1-3)]Man(b1-4)GlcNAc(b1-4)GlcNAc(b1-Sp12,4.189175,18.0453,18.31075,14.531325,16.510325,22.180025,low
Man(a1-2)Man(a1-6)[Man(a1-2)Man(a1-3)]Man(a1-6)[Man(a1-2)Man(a1-2)Man(a1-3)]Man(b1-4)GlcNAc(b1-4)GlcNAc(b1-Sp12,9.4253,78.483625,55.653225,77.830975,74.481775,88.144,low
Man(a1-6)[Man(a1-3)]Man(a1-Sp9,3.56085,19.125275,22.3617,14.778225,8.613675,38.88625,low
Man(a1-2)Man(a1-2)Man(a1-6)[Man(a1-3)]Man(a1-Sp9,11.4845,14.072425,14.372375,34.56,32.33315,27.618275,low
Man(a1-6)[Man(a1-3)]Man(a1-6)[Man(a1-2)Man(a1-3)]Man(b1-4)GlcNAc(b1-4)GlcNAc(b1-Sp12,14.294,151.418375,102.717875,170.4082,139.359075,167.34335,low
Man(a1-6)[Man(a1-3)]Man(a1-6)[Man(a1-3)]Man(b1-4)GlcNAc(b1-4)GlcNAc(b1-Sp12,4.2154,13.5595,18.8945,19.345925,22.315625,25.680075,low
Man(b1-4)GlcNAc(b1-Sp0,19.130975,38.97085,6.25365,19.833075,23.865325,7.797375,low
Neu5Ac(a2-3)Gal(b1-4)GlcNAc(b1-3)Gal(b1-4)[Fuc(a1-3)]GlcNAc(b1-Sp0,15.2849,6.6146,5.934925,10.13015,12.941675,24.448875,low
(3S)Gal(b1-4)[Fuc(a1-3)](6S)GlcNAc(b1-Sp8,17.3693,5.353825,13.616825,39.749,18.164825,47.4294,low
Fuc(a1-2)(6S)Gal(b1-4)GlcNAc(b1-Sp0,22.422475,12.074275,13.2935,18.673425,29.010175,20.944925,low
Fuc(a1-2)Gal(b1-4)(6S)GlcNAc(b1-Sp8,7.606225,8.790875,12.062025,30.7395,68.684325,159.352725,low
Fuc(a1-2)(6S)Gal(b1-4)(6S)Glc(b1-Sp0,2.781675,15.9834,9.78035,11.091475,26.808175,13.1236,low
Neu5Ac(a2-3)Gal(b1-3)GalNAc(a1-Sp8,7.904725,12.68315,3.99355,20.994225,9.632875,8.9379,low
Neu5Ac(a2-3)Gal(b1-3)GalNAc(a1-Sp14,7.435775,10.696775,10.83735,6.7068,26.703475,8.737825,low
GalNAc(b1-4)[Neu5Ac(a2-8)Neu5Ac(a2-8)Neu5Ac(a2-8)Neu5Ac(a2-3)]Gal(b1-4)Glc(b1-Sp0,3.582675,10.650925,8.418875,26.8949,12.431275,22.59165,low
GalNAc(b1-4)[Neu5Ac(a2-8)Neu5Ac(a2-8)Neu5Ac(a2-3)]Gal(b1-4)Glc(b1-Sp0,8.224825,27.705125,35.779925,19.862975,16.143075,47.396025,low
Neu5Ac(a2-8)Neu5Ac(a2-8)Neu5Ac(a2-3)Gal(b1-4)Glc(b1-Sp0,1.33065,10.162725,4.756625,9.312725,24.293375,12.551925,low
GalNAc(b1-4)[Neu5Ac(a2-8)Neu5Ac(a2-3)]Gal(b1-4)Glc(b1-Sp0,7.013175,15.26205,12.0755,15.8287,4.90545,7.01515,low
Neu5Ac(a2-8)Neu5Ac(a2-8)Neu5Ac(a1-Sp8,7.016775,16.617725,10.16525,17.553775,7.1796,7.4539,low
Neu5Ac(a2-3)(6S)Gal(b1-4)[Fuc(a1-3)]GlcNAc(b1-Sp8,9.405625,10.736725,6.177675,8.438225,19.430175,9.187175,low
GalNAc(b1-4)[Neu5Ac(a2-3)]Gal(b1-4)GlcNAc(b1-Sp0,9.99285,20.519925,28.439325,35.076825,17.1745,24.8662,low
GalNAc(b1-4)[Neu5Ac(a2-3)]Gal(b1-4)GlcNAc(b1-Sp8,6.2407,12.677625,19.28035,6.851725,18.552825,13.508175,low
GalNAc(b1-4)[Neu5Ac(a2-3)]Gal(b1-4)Glc(b1-Sp0,4.689475,4.851275,17.29935,18.2971,14.234425,25.6796,low
Neu5Ac(a2-3)Gal(b1-3)GalNAc(b1-4)[Neu5Ac(a2-3)]Gal(b1-4)Glc(b1-Sp0,5.6207,27.32615,12.09245,10.592475,9.903475,56.89665,low
Neu5Ac(a2-6)[Neu5Ac(a2-3)]GalNAc(a1-Sp8,6.9237,12.5571,12.57205,17.7713,11.022775,5.08755,low
Neu5Ac(a2-3)GalNAc(a1-Sp8,2.928825,10.640275,9.985575,24.8173,17.3878,16.844375,low
Neu5Ac(a2-3)GalNAc(b1-4)GlcNAc(b1-Sp0,10.939225,19.949525,8.427425,13.7141,18.287825,27.41485,low
Neu5Ac(a2-3)Gal(b1-3)(6S)GlcNAc(c1-Sp8,19.494225,58.980775,29.7067,38.966925,28.73915,51.987425,low
Neu5Ac(a2-3)Gal(b1-3)[Fuc(a1-4)]GlcNAc(b1-3)Gal(b1-4)[Fuc(a1-3)]GlcNAc(b1-Sp0,13.225775,20.0728,12.73795,26.2511,23.952025,31.782175,low
Neu5Ac(a2-3)Gal(b1-4)[Neu5Ac(a2-3)Gal(b1-3)]GlcNAc(b1-Sp8,10.2403,11.0966,18.261025,15.7292,9.619075,4.562275,low
Neu5Ac(a2-3)Gal(b1-3)(6S)GalNAc(a1-Sp8,3.402825,9.52275,7.9813,22.41105,5.7674,21.60645,low
Neu5Ac(a2-6)[Neu5Ac(a2-3)Gal(b1-3)]GalNAc(a1-Sp8,10.710375,11.3776,9.856125,3.883075,6.873975,7.7017,low
Neu5Ac(a2-6)[Neu5Ac(a2-3)Gal(b1-3)]GalNAc(a1-Sp14,23.932425,16.93305,11.6168,20.281375,15.4223,24.769625,low
Neu5Ac(a2-3)Gal(b1-Sp8,5.669175,10.876725,13.989675,23.470325,18.7318,9.658375,low
Neu5Ac(a2-3)Gal(b1-3)GalNAc(b1-3)Gal(a1-4)Gal(b1-4)Glc(b1-Sp0,13.107325,30.604675,7.19015,15.327225,17.4516,26.5776,low
Neu5Ac(a2-3)Gal(b1-3)GlcNAc(b1-3)Gal(b1-4)GlcNAc(b1-Sp0,8.054275,11.092775,28.967675,132.440975,529.0013,1073.987825,low
Fuc(a1-2)(6S)Gal(b1-4)Glc(b1-Sp0,15.4615,22.734975,21.241925,99.056375,17.197175,43.277425,low
Neu5Ac(a2-3)Gal(b1-3)GlcNAc(b1-Sp0,2.581875,29.3818,37.3143,42.666925,44.561575,44.95015,low
Neu5Ac(a2-3)Gal(b1-3)GlcNAc(b1-Sp8,6.838375,4.719075,10.03105,10.6738,9.007825,22.64745,low
Neu5Ac(a2-3)Gal(b1-4)(6S)GlcNAc(b1-Sp8,6.6751,22.60905,18.258375,10.88535,19.34905,37.79225,low
Neu5Ac(a2-3)Gal(b1-4)[Fuc(a1-3)](6S)GlcNAc(b1-Sp8,3.502975,9.647175,6.606125,15.22825,22.267375,14.987875,low
Neu5Ac(a2-3)Gal(b1-4)[Fuc(a1-3)]GlcNAc(b1-3)Gal(b1-4)[Fuc(a1-3)]GlcNAc(b1-3)Gal(b1-4)[Fuc(a1-3)]GlcNAc(b1-Sp0,5.997725,40.928,22.02125,41.409975,26.90235,48.305,low
Neu5Ac(a2-3)Gal(b1-4)[Fuc(a1-3)]GlcNAc(b1-Sp0,8.729025,9.51935,9.8872,12.431125,4.2251,28.6603,low
Neu5Ac(a2-3)Gal(b1-4)[Fuc(a1-3)]GlcNAc(b1-Sp8,10.2278,4.472425,13.431825,10.174275,16.086075,9.42875,low
Neu5Ac(a2-3)Gal(b1-4)[Fuc(a1-3)]GlcNAc(b1-3)Gal(b1-Sp8,4.851,14.23405,11.46075,13.4747,0.8493,12.78255,low
Neu5Ac(a2-3)Gal(b1-4)[Fuc(a1-3)]GlcNAc(b1-3)Gal(b1-4)GlcNAc(b1-Sp8,19.336125,26.266,33.48715,29.7265,30.32905,43.209675,low
Neu5Ac(a2-3)Gal(b1-4)GlcNAc(b1-3)Gal(b1-4)GlcNAc(b1-3)Gal(b1-4)GlcNAc(b1-Sp0,39.506025,31.166375,231.4594,567.974175,2058.1129,5765.963125,medium
Neu5Ac(a2-3)Gal(b1-4)GlcNAc(b1-Sp0,1.809075,16.6996,19.12845,21.0747,21.9573,22.7994,low
Neu5Ac(a2-3)Gal(b1-4)GlcNAc(b1-Sp8,2.77015,15.4865,11.667275,14.76905,18.5684,24.831225,low
Neu5Ac(a2-3)Gal(b1-4)GlcNAc(b1-3)Gal(b1-4)GlcNAc(b1-Sp0,14.1209,9.94525,14.210575,20.186275,55.0353,78.29415,low
Fuc(a1-2)Gal(b1-4)(6S)Glc(b1-Sp0,6.249925,28.668025,17.41145,17.847475,20.316825,34.29315,low
Neu5Ac(a2-3)Gal(b1-4)Glc(b1-Sp0,5.339625,67.696675,51.234125,66.013075,60.78945,61.98835,low
Neu5Ac(a2-3)Gal(b1-4)Glc(b1-Sp8,5.59545,3.04825,4.9774,27.06215,15.731275,28.87665,low
Neu5Ac(a2-6)GalNAc(a1-Sp8,-1.8272,16.699025,6.308425,17.59065,3.2785,10.808825,low
Neu5Ac(a2-6)GalNAc(b1-4)GlcNAc(b1-Sp0,6.17515,5.678675,13.36905,7.846975,19.50095,15.583925,low
Neu5Ac(a2-6)Gal(b1-4)(6S)GlcNAc(b1-Sp8,23.405325,11.413175,12.02055,5.936975,1.31635,21.031625,low
Neu5Ac(a2-6)Gal(b1-4)GlcNAc(b1-Sp0,9.6621,28.268075,20.25815,10.317025,18.2068,19.720525,low
Neu5Ac(a2-6)Gal(b1-4)GlcNAc(b1-Sp8,8.70945,11.97155,9.66875,10.223125,18.06295,16.4181,low
Neu5Ac(a2-6)Gal(b1-4)GlcNAc(b1-3)Gal(b1-4)[Fuc(a1-3)]GlcNAc(b1-3)Gal(b1-4)[Fuc(a1-3)]GlcNAc(b1-Sp0,5.619575,14.4253,20.1596,12.8198,19.123675,43.51255,low
Neu5Ac(a2-6)Gal(b1-4)GlcNAc(b1-3)Gal(b1-4)GlcNAc(b1-Sp0,7.97555,13.752575,52.50195,78.4228,286.87625,813.21515,low
Neu5Ac(a2-6)Gal(b1-4)Glc(b1-Sp0,11.156475,7.9447,9.60205,19.356925,21.91715,20.74505,low
Neu5Ac(a2-6)Gal(b1-4)Glc(b1-Sp8,4.931375,17.168775,7.571275,14.7346,7.86405,18.61155,low
Neu5Ac(a2-6)Gal(b1-Sp8,16.1453,20.810125,11.233275,18.500375,14.39705,13.88195,low
Neu5Ac(a2-8)Neu5Ac(a1-Sp8,17.21905,12.866325,10.220225,15.148925,13.01805,47.515875,low
Neu5Ac(a2-8)Neu5Ac(a2-3)Gal(b1-4)Glc(b1-Sp0,5.826,7.3357,4.434475,11.205425,11.374425,25.984275,low
Gal(b1-3)[Fuc(a1-4)]GlcNAc(b1-3)Gal(b1-3)[Fuc(a1-4)]GlcNAc(b1-Sp0,3.736,14.099125,9.57065,19.308275,5.00435,32.54505,low
Neu5Ac(b2-6)GalNAc(a1-Sp8,4.97565,6.0888,9.7341,14.94415,4.151525,10.513075,low
Neu5Ac(b2-6)Gal(b1-4)GlcNAc(b1-Sp8,5.088875,8.12525,14.407625,20.843225,17.4757,19.587925,low
Neu5Gc(a2-3)Gal(b1-3)[Fuc(a1-4)]GlcNAc(b1-Sp0,12.750475,26.154275,11.940375,19.431775,35.012525,14.938775,low
Neu5Gc(a2-3)Gal(b1-3)GlcNAc(b1-Sp0,10.1129,11.428025,29.076725,9.3122,20.095725,22.20825,low
Neu5Gc(a2-3)Gal(b1-4)[Fuc(a1-3)]GlcNAc(b1-Sp0,10.0601,15.81155,13.191675,27.74755,23.6913,28.56145,low
Neu5Gc(a2-3)Gal(b1-4)GlcNAc(b1-Sp0,4.213625,22.6808,9.078875,7.8797,32.202775,48.4912,low
Neu5Gc(a2-3)Gal(b1-4)Glc(b1-Sp0,1.978875,19.295925,14.91505,37.3919,20.172075,24.679925,low
Neu5Gc(a2-6)GalNAc(a1-Sp0,14.00085,8.14525,11.744975,21.650925,14.364875,6.9895,low
Neu5Gc(a2-6)Gal(b1-4)GlcNAc(b1-Sp0,5.43875,10.0513,24.487525,25.246575,21.333075,23.269825,low
Neu5Gc(a1-Sp8,24.47125,12.95915,21.8509,11.26195,17.244625,9.62265,low
Neu5Ac(a2-3)Gal(b1-4)GlcNAc(b1-6)[Gal(b1-3)]GalNAc(a1-Sp14,7.79605,10.850825,11.8718,21.444,17.0286,32.7085,low
Gal(b1-3)GlcNAc(b1-3)Gal(b1-3)GlcNAc(b1-Sp0,4.774825,19.07615,54.676425,142.145325,359.097025,1382.4072,low
Gal(b1-4)[Fuc(a1-3)](6S)GlcNAc(b1-Sp0,11.78285,39.744675,25.288875,34.446275,22.450175,54.0815,low
Gal(b1-4)[Fuc(a1-3)](6S)Glc(b1-Sp0,5.706775,22.045425,12.706575,24.528025,12.707775,40.645075,low
Gal(b1-4)[Fuc(a1-3)]GlcNAc(b1-3)Gal(b1-3)[Fuc(a1-4)]GlcNAc(b1-Sp0,14.8684,14.330425,28.835925,28.318925,29.573325,24.5697,low
Gal(b1-4)GlcNAc(b1-3)Gal(b1-3)GlcNAc(b1-Sp0,4.794275,11.32735,74.004375,351.11705,1036.796775,2753.4359,low
Neu5Ac(a2-3)Gal(b1-3)GlcNAc(b1-3)Gal(b1-3)GlcNAc(b1-Sp0,6.714025,30.547275,42.193825,100.9488,504.81235,914.204725,low
Neu5Ac(a2-3)Gal(b1-4)GlcNAc(b1-3)Gal(b1-3)GlcNAc(b1-Sp0,8.9706,15.825775,10.409375,42.79455,45.338875,49.773025,low
4S(3S)Gal(b1-4)GlcNAc(b1-Sp0,5.607775,15.0183,18.132875,7.91475,7.18155,9.815625,low
(6S)Gal(b1-4)(6S)GlcNAc(b1-Sp0,15.05385,10.024125,13.47255,16.780025,17.25455,53.35595,low
(6P)Glc(b1-Sp10,7.666975,14.511775,4.692775,13.994275,24.4811,11.809425,low
Neu5Ac(a2-3)Gal(b1-4)[Fuc(a1-3)]GlcNAc(b1-6)[Gal(b1-3)]GalNAc(a1-Sp14,12.931925,29.716675,47.62805,29.921175,36.177925,46.588,low
Gal(b1-3)Gal(b1-4)GlcNAc(b1-Sp8,13.0525,6.5968,8.044475,12.573025,23.41745,20.27035,low
Neu5Ac(a2-6)Gal(b1-4)GlcNAc(b1-2)Man(a1-6)[Gal(b1-4)GlcNAc(b1-2)Man(a1-3)]Man(b1-4)GlcNAc(b1-4)GlcNAc(b1-Sp12,3.406425,26.008475,19.517175,17.088575,24.2132,15.619375,low
Gal(b1-4)GlcNAc(b1-6)[Gal(b1-4)GlcNAc(b1-3)]Gal(b1-4)GlcNAc(b1-Sp0,8.22505,24.58415,15.4929,24.9472,38.826625,50.37665,low
GlcNAc(b1-6)[Gal(b1-4)GlcNAc(b1-3)]Gal(b1-4)GlcNAc(b1-Sp0,8.547525,23.640025,22.3518,11.13425,35.10335,33.5404,low
Gal(b1-4)GlcNAc(a1-6)Gal(b1-4)GlcNAc(b1-Sp0,9.85035,10.27145,11.532425,18.917275,24.446925,27.933,low
Gal(b1-4)GlcNAc(b1-6)Gal(b1-4)GlcNAc(b1-Sp0,6.5867,15.1257,22.316425,14.068625,23.275275,48.4223,low
GalNAc(b1-3)Gal(b1-Sp8,8.1551,12.380825,14.631275,6.20425,8.2844,18.554075,low
GlcA(b1-3)GlcNAc(b1-Sp8,7.13275,15.554725,5.830425,17.00295,11.119625,36.41705,low
Neu5Ac(a2-6)Gal(b1-4)GlcNAc(b1-2)Man(a1-6)[GlcNAc(b1-2)Man(a1-3)]Man(b1-4)GlcNAc(b1-4)GlcNAc(b1-Sp12,15.1215,25.487075,6.579125,23.52405,9.175175,11.547675,low
GlcNAc(b1-3)Man(b1-Sp10,4.1294,15.4121,14.9055,12.07595,12.39355,25.897025,low
GlcNAc(b1-4)GlcNAc(b1-Sp10,13.695225,8.68025,7.08095,13.7505,8.607625,12.74625,low
GlcNAc(b1-4)GlcNAc(b1-Sp12,4.354675,9.93815,9.1121,5.4671,4.8032,14.822725,low
Man(a1-6)Man(b1-Sp10,14.5611,19.4951,25.1645,33.276175,14.054175,24.9094,low
Man(a1-6)[Man(a1-3)]Man(a1-6)[Man(a1-3)]Man(b1-Sp10,9.17815,10.21765,8.36575,10.137875,6.71875,37.145925,low
Man(a1-2)Man(a1-6)[Man(a1-3)]Man(a1-6)[Man(a1-2)Man(a1-2)Man(a1-3)]Man(a1-Sp9,2.539725,23.471725,14.61795,13.111675,0.9979,8.85315,low
Man(a1-2)Man(a1-6)[Man(a1-2)Man(a1-3)]Man(a1-6)[Man(a1-2)Man(a1-2)Man(a1-3)]Man(a1-Sp9,16.578075,8.482075,9.0555,5.754725,8.20905,9.3067,low
Neu5Ac(a2-3)Gal(b1-4)GlcNAc(b1-6)[Neu5Ac(a2-3)Gal(b1-3)]GalNAc(a1-Sp14,6.1895,15.962075,10.663825,14.481225,40.997925,20.7074,low
Neu5Ac(a2-6)Gal(b1-4)GlcNAc(b1-2)Man(a1-6)[Neu5Ac(a2-3)Gal(b1-4)GlcNAc(b1-2)Man(a1-3)]Man(b1-4)GlcNAc(b1-4)GlcNAc(b1-Sp12,17.47325,14.16515,12.934175,10.558275,26.64905,30.93385,low
Gal(b1-4)GlcNAc(b1-2)Man(a1-6)[Neu5Ac(a2-6)Gal(b1-4)GlcNAc(b1-2)Man(a1-3)]Man(b1-4)GlcNAc(b1-4)GlcNAc(b1-Sp12,5.820325,16.348925,11.278525,23.2923,23.992325,15.910525,low
GlcNAc(b1-2)Man(a1-6)[Neu5Ac(a2-6)Gal(b1-4)GlcNAc(b1-2)Man(a1-3)]Man(b1-4)GlcNAc(b1-4)GlcNAc(b1-Sp12,20.921325,8.0138,3.14345,17.259375,8.261625,23.365375,low
Neu5Ac(a2-8)Neu5Ac(b1-Sp17,5.176375,28.111375,20.493925,20.07675,17.31005,34.36975,low
Neu5Ac(a2-8)Neu5Ac(a2-8)Neu5Ac(b1-Sp8,20.14505,3.62505,4.596375,36.3566,8.549725,18.214875,low
Neu5Gc(b2-6)Gal(b1-4)GlcNAc(b1-Sp8,6.20725,9.68905,10.54525,15.248925,14.11295,24.557825,low
Gal(b1-3)GlcNAc(b1-2)Man(a1-6)[Gal(b1-3)GlcNAc(b1-2)Man(a1-3)]Man(b1-4)GlcNAc(b1-4)GlcNAc(b1-Sp19,5.0781,14.0789,10.806,24.08805,29.600525,44.75365,low
Neu5Ac(a2-3)Gal(b1-4)GlcNAc(b1-2)Man(a1-6)[Neu5Ac(a2-3)Gal(b1-4)GlcNAc(b1-2)Man(a1-3)]Man(b1-4)GlcNAc(b1-4)GlcNAc(b1-Sp12,10.195225,6.4109,8.644825,19.277725,30.2985,34.38665,low
Neu5Ac(a2-3)Gal(b1-4)GlcNAc(b1-2)Man(a1-6)[Neu5Ac(a2-6)Gal(b1-4)GlcNAc(b1-2)Man(a1-3)]Man(b1-4)GlcNAc(b1-4)GlcNAc(b1-Sp12,7.2917,6.43845,11.92965,13.560125,9.8319,16.487875,low
Gal(b1-4)[Fuc(a1-3)]GlcNAc(b1-2)Man(a1-6)[Gal(b1-4)[Fuc(a1-3)]GlcNAc(b1-2)Man(a1-3)]Man(b1-4)GlcNAc(b1-4)GlcNAc(b1-Sp20,3.048675,5.724825,8.061625,29.23015,18.838525,13.1238,low
"Neu5,9Ac2(a2-3)Gal(b1-4)GlcNAc(b1-Sp0",3.298475,46.11935,62.476725,58.100925,65.582,72.95875,low
"Neu5,9Ac2(a2-3)Gal(b1-3)GlcNAc(b1-Sp0",8.36655,11.32965,24.104975,9.055975,18.328125,15.325475,low
Neu5Ac(a2-6)Gal(b1-4)GlcNAc(b1-3)Gal(b1-3)GlcNAc(b1-Sp0,13.933825,10.71275,34.2841,100.345,440.173,1365.6976,low
Neu5Ac(a2-3)Gal(b1-3)[Fuc(a1-4)]GlcNAc(b1-3)Gal(b1-3)[Fuc(a1-4)]GlcNAc(b1-Sp0,12.5522,16.518225,9.340125,20.41345,15.140125,24.580075,low
Neu5Ac(a2-6)Gal(b1-4)GlcNAc(b1-3)Gal(b1-4)GlcNAc(b1-3)Gal(b1-4)GlcNAc(b1-Sp0,12.663875,31.86385,320.7091,329.825,1535.744975,5691.050475,medium
Gal(a1-4)Gal(b1-4)GlcNAc(b1-3)Gal(b1-4)Glc(b1-Sp0,9.041875,10.077,14.36915,27.225775,49.585475,109.08355,low
GalNAc(b1-3)Gal(a1-4)Gal(b1-4)GlcNAc(b1-3)Gal(b1-4)Glc(b1-Sp0,15.351775,17.212525,4.380125,12.863375,63.58105,81.091825,low
GalNAc(a1-3)[Fuc(a1-2)]Gal(b1-4)GlcNAc(b1-3)Gal(b1-4)GlcNAc(b1-Sp0,64.617575,18.829025,390.41875,1078.935925,3129.029825,7614.877075,medium
GalNAc(a1-3)[Fuc(a1-2)]Gal(b1-4)GlcNAc(b1-3)Gal(b1-4)GlcNAc(b1-3)Gal(b1-4)GlcNAc(b1-Sp0,55.37175,64.55045,503.7063,1060.44645,2514.874275,7928.91075,medium
Neu5Ac(a2-3)Gal(b1-4)[Fuc(a1-3)]GlcNAc(b1-6)[Neu5Ac(a2-3)Gal(b1-3)]GalNAc(b1-Sp14,14.373925,14.85405,19.283025,39.36975,23.360575,41.00725,low
GlcNAc(a1-4)Gal(b1-4)GlcNAc(b1-3)Gal(b1-4)GlcNAc(b1-3)Gal(b1-4)GlcNAc(b1-Sp0,22.73625,15.3074,329.473925,1065.81995,4488.355725,9113.712425,medium
GlcNAc(a1-4)Gal(b1-4)GlcNAc(b1-Sp0,3.8761,14.26725,11.1772,11.50845,13.69685,27.7185,low
GlcNAc(a1-4)Gal(b1-3)GlcNAc(b1-Sp0,9.7622,17.4588,30.07465,16.746325,10.079475,18.0766,low
GlcNAc(a1-4)Gal(b1-4)GlcNAc(b1-3)Gal(b1-4)Glc(b1-Sp0,11.8929,22.443475,24.6951,34.9639,79.312075,68.5922,low
GlcNAc(a1-4)Gal(b1-4)GlcNAc(b1-3)Gal(b1-4)[Fuc(a1-3)]GlcNAc(b1-3)Gal(b1-4)[Fuc(a1-3)]GlcNAc(b1-Sp0,7.85895,19.86365,41.227025,49.6886,31.004775,38.4809,low
GlcNAc(a1-4)Gal(b1-4)GlcNAc(b1-3)Gal(b1-4)GlcNAc(b1-Sp0,5.667325,13.4703,28.384925,62.512025,318.97855,750.048225,low
GlcNAc(a1-4)Gal(b1-3)GalNAc(b1-Sp14,18.44855,17.316025,4.310175,15.2979,5.973,23.713075,low
Neu5Ac(a2-6)Gal(b1-4)GlcNAc(b1-2)Man(a1-6)[Man(a1-3)]Man(b1-4)GlcNAc(b1-4)GlcNAc(b1-Sp12,9.735975,18.559925,12.885275,11.10265,1.7677,17.799625,low
Man(a1-6)[Neu5Ac(a2-6)Gal(b1-4)GlcNAc(b1-2)Man(a1-3)]Man(b1-4)GlcNAc(b1-4)GlcNAc(b1-Sp12,5.9219,2.913175,20.664825,10.203175,9.730125,41.2711,low
Neu5Ac(a2-6)Gal(b1-4)GlcNAc(b1-2)Man(a1-6)Man(b1-4)GlcNAc(b1-4)GlcNAc(b1-Sp12,13.0485,9.1419,9.5676,11.7407,5.307125,22.749225,low
Neu5Ac(a2-6)Gal(b1-4)GlcNAc(b1-2)Man(a1-3)Man(b1-4)GlcNAc(b1-4)GlcNAc(b1-Sp12,13.721875,24.004075,8.96315,25.40915,6.6972,11.543275,low
Gal(b1-4)GlcNAc(b1-2)Man(a1-3)Man(b1-4)GlcNAc(b1-4)GlcNAc(b1-Sp12,9.482975,15.752325,8.3568,16.75325,27.797025,17.09595,low
Gal(b1-4)GlcNAc(b1-2)Man(a1-6)Man(b1-4)GlcNAc(b1-4)GlcNAc(b1-Sp12,14.038125,10.954925,10.0698,13.4866,18.675925,9.810825,low
Man(a1-6)[Gal(b1-4)GlcNAc(b1-2)Man(a1-3)]Man(b1-4)GlcNAc(b1-4)GlcNAc(b1-Sp12,5.137975,22.905725,24.53325,26.16305,49.08555,21.5094,low
GlcNAc(b1-2)Man(a1-6)[GlcNAc(b1-2)Man(a1-3)]Man(b1-4)GlcNAc(b1-4)[Fuc(a1-6)]GlcNAc(b1-Sp22,10.13615,28.03275,11.994125,33.09355,18.2432,22.4154,low
Gal(b1-4)GlcNAc(b1-2)Man(a1-6)[Gal(b1-4)GlcNAc(b1-2)Man(a1-3)]Man(b1-4)GlcNAc(b1-4)[Fuc(a1-6)]GlcNAc(b1-Sp22,13.976025,22.632025,25.759075,33.9948,32.453975,25.83395,low
Gal(b1-3)GlcNAc(b1-2)Man(a1-6)[Gal(b1-3)GlcNAc(b1-2)Man(a1-3)]Man(b1-4)GlcNAc(b1-4)[Fuc(a1-6)]GlcNAc(b1-Sp22,10.07425,18.9867,8.36625,32.09165,18.1355,32.639175,low
(6S)GlcNAc(b1-3)Gal(b1-4)GlcNAc(b1-Sp0,9.606375,14.63955,15.971875,18.4765,20.67025,19.46795,low
KDN(a2-3)Gal(b1-4)[Fuc(a1-3)]GlcNAc(b1-Sp0,6.377025,15.272625,17.16725,27.570875,24.761675,37.7768,low
KDN(a2-6)Gal(b1-4)GlcNAc(b1-Sp0,9.198375,12.73435,21.091425,22.511675,19.2265,28.45405,low
KDN(a2-3)Gal(b1-4)Glc(b1-Sp0,4.6633,21.945175,9.6926,36.0916,20.08905,12.4398,low
KDN(a2-3)Gal(b1-3)GalNAc(a1-Sp14,16.80885,37.665,16.418825,24.41445,13.71175,21.1532,low
Fuc(a1-2)Gal(b1-3)GlcNAc(b1-2)Man(a1-6)[Fuc(a1-2)Gal(b1-3)GlcNAc(b1-2)Man(a1-3)]Man(b1-4)GlcNAc(b1-4)GlcNAc(b1-Sp20,8.79925,30.60455,8.77395,14.0295,31.507225,47.394175,low
Fuc(a1-2)Gal(b1-4)GlcNAc(b1-2)Man(a1-6)[Fuc(a1-2)Gal(b1-4)GlcNAc(b1-2)Man(a1-3)]Man(b1-4)GlcNAc(b1-4)GlcNAc(b1-Sp20,17.433875,34.50805,22.89955,30.2223,154.843775,268.026825,low
Fuc(a1-2)Gal(b1-4)[Fuc(a1-3)]GlcNAc(b1-2)Man(a1-6)[Fuc(a1-2)Gal(b1-4)[Fuc(a1-3)]GlcNAc(b1-2)Man(a1-3)]Man(b1-4)GlcNAc(b1-4)GlcNAc(b1-Sp20,10.264825,32.994625,16.322025,23.348775,26.3216,42.0138,low
Gal(a1-3)Gal(b1-4)GlcNAc(b1-2)Man(a1-6)[Gal(a1-3)Gal(b1-4)GlcNAc(b1-2)Man(a1-3)]Man(b1-4)GlcNAc(b1-4)GlcNAc(b1-Sp20,25.24385,15.721175,157.601175,710.17085,2225.6705,5818.4168,medium
Gal(b1-4)GlcNAc(b1-2)Man(a1-6)[Man(a1-3)]Man(b1-4)GlcNAc(b1-4)GlcNAc(b1-Sp12,3.138025,3.807825,16.654725,6.74455,17.292275,36.076575,low
Fuc(a1-4)[Gal(b1-3)]GlcNAc(b1-2)Man(a1-6)[Fuc(a1-4)[Gal(b1-3)]GlcNAc(b1-2)Man(a1-3)]Man(b1-4)GlcNAc(b1-4)[Fuc(a1-6)]GlcNAc(b1-Sp22,9.30415,15.118,23.60245,25.770175,15.856375,30.4883,low
Neu5Ac(a2-6)GlcNAc(b1-4)GlcNAc(b1-Sp21,9.108875,7.2041,1.713725,9.630875,17.2891,10.3386,low
Neu5Ac(a2-6)GlcNAc(b1-4)GlcNAc(b1-4)GlcNAc(b1-Sp21,6.535875,11.920625,1.1636,19.4948,0.357025,14.269325,low
Gal(b1-4)[Fuc(a1-3)]GlcNAc(b1-6)[Fuc(a1-2)Gal(b1-4)GlcNAc(b1-3)]Gal(b1-4)Glc(b1-Sp21,8.404425,15.91515,10.6492,15.535275,29.1913,28.5779,low
Gal(b1-4)GlcNAc(b1-2)Man(a1-6)[Gal(b1-4)GlcNAc(b1-4)[Gal(b1-4)GlcNAc(b1-2)]Man(a1-3)]Man(b1-4)GlcNAc(b1-4)GlcNAc(b1-Sp21,7.6211,7.014925,30.72045,18.51955,77.797275,78.770375,low
GalNAc(a1-3)[Fuc(a1-2)]Gal(b1-4)GlcNAc(b1-2)Man(a1-6)[GalNAc(a1-3)[Fuc(a1-2)]Gal(b1-4)GlcNAc(b1-2)Man(a1-3)]Man(b1-4)GlcNAc(b1-4)GlcNAc(b1-Sp20,14.153725,16.352775,331.883825,641.523775,4200.284825,6247.926525,medium
Gal(a1-3)[Fuc(a1-2)]Gal(b1-4)GlcNAc(b1-2)Man(a1-6)[Gal(a1-3)[Fuc(a1-2)]Gal(b1-4)GlcNAc(b1-2)Man(a1-3)]Man(b1-4)GlcNAc(b1-4)GlcNAc(b1-Sp20,152.709225,26.960775,965.250125,1868.4632,7733.771775,12479.4807,medium
Gal(a1-3)Gal(b1-4)[Fuc(a1-3)]GlcNAc(b1-2)Man(a1-6)[Gal(a1-3)Gal(b1-4)[Fuc(a1-3)]GlcNAc(b1-2)Man(a1-3)]Man(b1-4)GlcNAc(b1-4)GlcNAc(b1-Sp20,8.92175,19.0698,13.68255,27.12365,7.858225,41.381275,low
GalNAc(a1-3)[Fuc(a1-2)]Gal(b1-3)GlcNAc(b1-2)Man(a1-6)[GalNAc(a1-3)[Fuc(a1-2)]Gal(b1-3)GlcNAc(b1-2)Man(a1-3)]Man(b1-4)GlcNAc(b1-4)GlcNAc(b1-Sp20,12.395825,13.5258,17.8966,43.45945,136.0518,677.981125,low
Gal(a1-3)[Fuc(a1-2)]Gal(b1-3)GlcNAc(b1-2)Man(a1-6)[Gal(a1-3)[Fuc(a1-2)]Gal(b1-3)GlcNAc(b1-2)Man(a1-3)]Man(b1-4)GlcNAc(b1-4)GlcNAc(b1-Sp20,42.037875,10.02245,89.6927,311.484275,1103.3348,3337.7946,medium
Fuc(a1-4)[Fuc(a1-2)Gal(b1-3)]GlcNAc(b1-2)Man(a1-3)[Fuc(a1-4)[Fuc(a1-2)Gal(b1-3)]GlcNAc(b1-2)Man(a1-3)]Man(b1-4)GlcNAc(b1-4)GlcNAc(b1-Sp19,6.732575,22.425225,17.1107,28.395575,23.19995,35.03045,low
Neu5Ac(a2-3)Gal(b1-4)GlcNAc(b1-3)GalNAc(b1-Sp14,13.5804,11.831,11.022225,14.58945,21.2708,27.459025,low
Neu5Ac(a2-6)Gal(b1-4)GlcNAc(b1-3)GalNAc(b1-Sp14,4.227025,17.212775,15.52045,13.483375,12.17905,20.56035,low
Neu5Ac(a2-3)Gal(b1-4)[Fuc(a1-3)]GlcNAc(b1-3)GalNAc(a1-Sp14,18.61875,44.621825,46.9141,50.67825,44.425475,60.609,low
GalNAc(b1-4)GlcNAc(b1-2)Man(a1-6)[GalNAc(b1-4)GlcNAc(b1-2)Man(a1-3)]Man(b1-4)GlcNAc(b1-4)GlcNAc(b1-Sp12,6.987625,40.6987,32.1523,17.33445,15.872575,24.238875,low
Gal(b1-3)GalNAc(a1-3)[Fuc(a1-2)]Gal(b1-4)Glc(b1-Sp0,10.179575,14.964025,29.175275,30.046725,61.038275,150.796025,low
Gal(b1-3)GalNAc(a1-3)[Fuc(a1-2)]Gal(b1-4)GlcNAc(b1-Sp0,23.706925,21.208675,202.58725,682.088525,1395.219425,5752.23855,medium
Gal(b1-3)GlcNAc(b1-3)Gal(b1-4)GlcNAc(b1-6)[Gal(b1-3)GlcNAc(b1-3)]Gal(b1-4)Glc(b1-Sp0,3.3894,8.37935,69.27135,72.277775,586.646475,1289.91995,low
Gal(b1-4)[Fuc(a1-3)]GlcNAc(b1-6)[Gal(b1-3)GlcNAc(b1-3)]Gal(b1-4)Glc(b1-Sp21 ,8.21385,0.79585,19.96145,13.846175,23.0612,29.25735,low
Gal(b1-4)GlcNAc(b1-6)[Fuc(a1-4)[Fuc(a1-2)Gal(b1-3)]GlcNAc(b1-3)]Gal(b1-4)Glc(b1-Sp21,14.209025,12.170625,10.013125,26.190525,22.935175,24.995875,low
Gal(b1-4)[Fuc(a1-3)]GlcNAc(b1-6)[Fuc(a1-4)[Fuc(a1-2)Gal(b1-3)]GlcNAc(b1-3)]Gal(b1-4)Glc(b1-Sp21,5.953575,3.17835,15.3497,15.68895,21.626675,16.2293,low
Gal(b1-3)GlcNAc(b1-3)Gal(b1-4)[Fuc(a1-3)]GlcNAc(b1-6)[Gal(b1-3)GlcNAc(b1-3)]Gal(b1-4)Glc(b1-Sp21 ,2.513175,5.5911,12.08425,19.111675,41.121475,34.179725,low
Gal(b1-4)GlcNAc(b1-6)[Gal(b1-4)GlcNAc(b1-2)]Man(a1-6)[Gal(b1-4)GlcNAc(b1-4)[Gal(b1-4)GlcNAc(b1-2)]Man(a1-3)]Man(b1-4)GlcNAc(b1-4)GlcNAc(b1-Sp21,13.8471,17.61115,13.05395,9.912175,141.1274,209.132,low
GlcNAc(b1-2)Man(a1-6)[GlcNAc(b1-4)[GlcNAc(b1-2)]Man(a1-3)]Man(b1-4)GlcNAc(b1-4)GlcNAc(b1-Sp21,13.2803,9.87855,12.366025,20.36805,12.89035,19.3452,low
Fuc(a1-2)Gal(b1-3)GalNAc(a1-3)[Fuc(a1-2)]Gal(b1-4)Glc(b1-Sp0,0.815775,14.072,30.880375,16.714875,23.969625,19.69925,low
Fuc(a1-2)Gal(b1-3)GalNAc(a1-3)[Fuc(a1-2)]Gal(b1-4)GlcNAc(b1-Sp0,9.017025,6.2896,11.438075,43.49265,70.98605,335.2006,low
Gal(b1-3)GlcNAc(b1-3)GalNAc(a1-Sp14,3.91945,21.0632,10.36445,15.79325,31.815425,12.5723,low
GalNAc(b1-4)[Neu5Ac(a2-3)]Gal(b1-4)GlcNAc(b1-3)GalNAc(a1-Sp14,5.86735,48.5184,34.1058,52.775275,38.329575,63.6623,low
GalNAc(a1-3)[Fuc(a1-2)]Gal(b1-3)GalNAc(a1-3)[Fuc(a1-2)]Gal(b1-4)GlcNAc(b1-Sp0,7.00275,17.576875,28.899125,29.162375,63.19135,199.86445,low
Gal(a1-3)Gal(b1-3)GlcNAc(b1-2)Man(a1-6)[Gal(a1-3)Gal(b1-3)GlcNAc(b1-2)Man(a1-3)]Man(b1-4)GlcNAc(b1-4)GlcNAc(b1-Sp19,18.69675,19.765225,18.01525,37.410625,18.85635,39.19835,low
Gal(a1-3)Gal(b1-3)[Fuc(a1-4)]GlcNAc(b1-2)Man(a1-6)[Gal(a1-3)Gal(b1-3)[Fuc(a1-4)]GlcNAc(b1-2)Man(a1-3)]Man(b1-4)GlcNAc(b1-4)GlcNAc(b1-Sp19,18.612875,25.091975,16.56475,9.808825,16.807075,56.72625,low
Neu5Ac(a2-3)Gal(b1-3)GlcNAc(b1-2)Man(a1-6)[Neu5Ac(a2-3)Gal(b1-3)GlcNAc(b1-2)Man(a1-3)]Man(b1-4)GlcNAc(b1-4)GlcNAc(b1-Sp19,11.31725,19.90305,1.1776,16.476175,25.27115,10.152825,low
GlcNAc(b1-2)Man(a1-6)[Gal(b1-4)GlcNAc(b1-2)Man(a1-3)]Man(b1-4)GlcNAc(b1-4)GlcNAc(b1-Sp12,9.688925,16.426975,6.565675,14.476375,18.393325,34.92075,low
Gal(b1-4)GlcNAc(b1-2)Man(a1-6)[GlcNAc(b1-2)Man(a1-3)]Man(b1-4)GlcNAc(b1-4)GlcNAc(b1-Sp12,13.10045,11.860375,12.943625,21.753,13.062525,28.761325,low
Neu5Ac(a2-3)Gal(b1-3)GlcNAc(b1-3)GalNAc(a1-Sp14,7.331075,25.7786,21.3661,13.302525,21.0618,37.2502,low
Fuc(a1-2)Gal(b1-4)GlcNAc(b1-3)GalNAc(a1-Sp14,11.82095,18.6488,20.114425,51.186475,34.134675,30.003825,low
Gal(b1-4)[Fuc(a1-3)]GlcNAc(b1-3)GalNAc(a1-Sp14,1.235575,27.998075,20.639375,29.33225,15.50905,26.52185,low
GalNAc(a1-3)GalNAc(b1-3)Gal(a1-4)Gal(b1-4)GlcNAc(b1-Sp0,5.31505,22.708575,13.553525,13.333175,17.657275,24.730475,low
Gal(a1-4)Gal(b1-3)GlcNAc(b1-2)Man(a1-6)[Gal(a1-4)Gal(b1-3)GlcNAc(b1-2)Man(a1-3)]Man(b1-4)GlcNAc(b1-4)GlcNAc(b1-Sp19,9.5343,15.3488,10.81385,20.867575,8.7377,35.8045,low
Gal(a1-4)Gal(b1-4)GlcNAc(b1-2)Man(a1-6)[Gal(a1-4)Gal(b1-4)GlcNAc(b1-2)Man(a1-3)]Man(b1-4)GlcNAc(b1-4)GlcNAc(b1-Sp24,4.03105,29.390425,34.285175,21.196525,28.563975,43.2248,low
Gal(a1-3)Gal(b1-4)GlcNAc(b1-3)GalNAc(a1-Sp14,4.775125,9.99,14.173925,29.87305,65.397475,72.541975,low
Gal(b1-3)GlcNAc(b1-6)Gal(b1-4)GlcNAc(b1-Sp0,13.815275,19.381675,23.1246,8.092,24.799825,30.192325,low
Gal(b1-3)GlcNAc(a1-6)Gal(b1-4)GlcNAc(b1-Sp0,4.6817,18.568275,12.384725,7.77535,25.083275,26.093875,low
GalNAc(b1-3)Gal(a1-6)Gal(b1-4)Glc(b1-Sp8,25.755925,8.408075,14.660275,14.837075,25.348775,18.7271,low
Gal(a1-3)[Fuc(a1-2)]Gal(b1-4)[Fuc(a1-3)]Glc(b1-Sp21,-1.83355,10.91415,8.471775,14.5893,14.37475,22.771675,low
Gal(b1-4)GlcNAc(b1-6)[Neu5Ac(a2-6)Gal(b1-3)GlcNAc(b1-3)]Gal(b1-4)Glc(b1-Sp21,6.4011,12.59125,18.347525,16.5182,26.455175,27.70965,low
Gal(b1-3)GalNAc(b1-4)[Neu5Ac(a2-8)Neu5Ac(a2-3)]Gal(b1-4)Glc(b1-Sp0,6.748575,13.1793,11.528375,20.99365,16.46425,27.633,low
Neu5Ac(a2-3)Gal(b1-3)GalNAc(b1-4)[Neu5Ac(a2-8)Neu5Ac(a2-3)]Gal(b1-4)Glc(b1-Sp0,12.230125,21.039775,12.620125,24.228075,18.57105,21.516425,low
Gal(a1-3)[Fuc(a1-2)]Gal(b1-4)GlcNAc(b1-3)GalNAc(a1-Sp14,13.22755,9.36315,214.53365,1017.568825,1661.9822,5409.7891,medium
GalNAc(a1-3)[Fuc(a1-2)]Gal(b1-4)GlcNAc(b1-3)GalNAc(a1-Sp14,16.91035,11.1428,51.533525,135.5081,339.61385,1025.1315,low
GalNAc(a1-3)GalNAc(b1-3)Gal(a1-4)Gal(b1-4)Glc(b1-Sp0,5.613875,17.5929,10.83605,28.3063,15.228425,17.784225,low
Fuc(a1-2)Gal(b1-4)[Fuc(a1-3)]GlcNAc(b1-3)GalNAc(a1-Sp14,11.359475,25.5056,33.511625,59.0443,38.521625,18.9026,low
Gal(a1-3)[Fuc(a1-2)]Gal(b1-4)[Fuc(a1-3)]GlcNAc(b1-3)GalNAc(b1-Sp14,4.038425,15.969475,28.161475,46.7003,27.492325,23.772325,low
GalNAc(a1-3)[Fuc(a1-2)]Gal(b1-4)[Fuc(a1-3)]GlcNAc(b1-3)GalNAc(b1-Sp14,8.0947,524.5328,462.134525,556.889575,522.318775,477.717775,medium
Gal(b1-4)[Fuc(a1-3)]GlcNAc(b1-2)Man(a1-6)[Gal(b1-4)[Fuc(a1-3)]GlcNAc(b1-2)Man(a1-3)]Man(b1-4)GlcNAc(b1-4)[Fuc(a1-6)]GlcNAc(b1-Sp22,9.677175,27.5314,15.745775,11.183375,9.4642,46.40905,low
Fuc(a1-2)Gal(b1-4)GlcNAc(b1-2)Man(a1-6)[Fuc(a1-2)Gal(b1-4)GlcNAc(b1-2)Man(a1-3)]Man(b1-4)GlcNAc(b1-4)[Fuc(a1-6)]GlcNAc(b1-Sp22,5.3752,11.500975,14.0756,12.862025,14.708175,45.9699,low
GlcNAc(b1-2)[GlcNAc(b1-6)]Man(a1-6)[GlcNAc(b1-2)Man(a1-3)]Man(b1-4)GlcNAc(b1-4)GlcNAc(b1-Sp19,8.21615,16.236675,7.8551,24.051775,4.769575,14.37065,low
Fuc(a1-2)Gal(b1-3)GlcNAc(b1-3)GalNAc(b1-Sp14,3.6852,16.96345,9.9021,25.403075,39.32385,40.779625,low
Gal(a1-3)[Fuc(a1-2)]Gal(b1-3)GlcNAc(b1-3)GalNAc(b1-Sp14,8.2012,15.173775,18.389475,122.244625,342.744075,846.036075,low
GalNAc(a1-3)[Fuc(a1-2)]Gal(b1-3)GlcNAc(b1-3)GalNAc(b1-Sp14,10.7707,25.60955,26.312225,27.68755,88.9634,132.988,low
Gal(a1-3)Gal(b1-3)GlcNAc(b1-3)GalNAc(b1-Sp14,10.562325,14.430925,9.348375,29.443225,15.6623,35.82535,low
Fuc(a1-2)Gal(b1-3)GlcNAc(b1-2)Man(a1-6)[Fuc(a1-2)Gal(b1-3)GlcNAc(b1-2)Man(a1-3)]Man(b1-4)GlcNAc(b1-4)[Fuc(a1-6)]GlcNAc(b1-Sp22,5.25785,24.80765,25.048325,38.304,27.74775,38.708625,low
Gal(a1-3)[Fuc(a1-2)]Gal(b1-4)GlcNAc(b1-2)Man(a1-6)[Gal(a1-3)[Fuc(a1-2)]Gal(b1-4)GlcNAc(b1-2)Man(a1-3)]Man(b1-4)GlcNAc(b1-4)[Fuc(a1-6)]GlcNAc(b1-Sp22,71.73145,26.35595,180.686075,733.54005,1194.03575,4352.420375,medium
Gal(b1-3)GlcNAc(b1-6)[Gal(b1-3)GlcNAc(b1-2)]Man(a1-6)[Gal(b1-3)GlcNAc(b1-2)Man(a1-3)]Man(b1-4)GlcNAc(b1-4)GlcNAc(b1-Sp19,9.075175,25.83555,25.0338,21.616625,23.1324,52.069875,low
Gal(b1-4)GlcNAc(b1-6)[Fuc(a1-2)Gal(b1-3)GlcNAc(b1-3)]Gal(b1-4)Glc(b1-Sp21,3.033425,12.6888,10.99255,17.97585,87.4832,297.48165,low
Fuc(a1-3)GlcNAc(b1-6)[Gal(b1-4)GlcNAc(b1-3)]Gal(b1-4)Glc(b1-Sp21,16.620125,35.9204,45.2251,41.30595,41.253975,65.4602,low
GlcNAc(b1-2)Man(a1-6)[GlcNAc(b1-4)][GlcNAc(b1-2)Man(a1-3)]Man(b1-4)GlcNAc(b1-4)GlcNAc(b1-Sp21,5.1767,11.23875,15.848925,17.72945,11.78255,25.75165,low
GlcNAc(b1-2)Man(a1-6)[GlcNAc(b1-4)][GlcNAc(b1-4)[GlcNAc(b1-2)]Man(a1-3)]Man(b1-4)GlcNAc(b1-4)GlcNAc(b1-Sp21,9.41485,15.1729,7.484175,14.337425,19.22445,10.9546,low
GlcNAc(b1-6)[GlcNAc(b1-2)]Man(a1-6)[GlcNAc(b1-4)][GlcNAc(b1-2)Man(a1-3)]Man(b1-4)GlcNAc(b1-4)GlcNAc(b1-Sp21,7.284275,5.99095,9.442025,8.36785,6.583225,11.207925,low
GlcNAc(b1-6)[GlcNAc(b1-2)]Man(a1-6)[GlcNAc(b1-4)][GlcNAc(b1-4)[GlcNAc(b1-2)]Man(a1-3)]Man(b1-4)GlcNAc(b1-4)GlcNAc(b1-Sp21,11.52205,13.42685,4.351175,8.47775,14.4201,3.998275,low
Gal(b1-4)GlcNAc(b1-2)Man(a1-6)[GlcNAc(b1-4)][Gal(b1-4)GlcNAc(b1-2)Man(a1-3)]Man(b1-4)GlcNAc(b1-4)GlcNAc(b1-Sp21,-0.27875,9.7852,11.05015,9.62665,35.12325,34.391075,low
Gal(b1-4)GlcNAc(b1-2)Man(a1-6)[GlcNAc(b1-4)][Gal(b1-4)GlcNAc(b1-4)[Gal(b1-4)GlcNAc(b1-2)]Man(a1-3)]Man(b1-4)GlcNAc(b1-4)GlcNAc(b1-Sp21,15.2107,6.0578,12.8056,13.830175,62.01475,53.268825,low
Gal(b1-4)GlcNAc(b1-6)[Gal(b1-4)GlcNAc(b1-2)]Man(a1-6)[GlcNAc(b1-4)][Gal(b1-4)GlcNAc(b1-2)Man(a1-3)]Man(b1-4)GlcNAc(b1-4)GlcNAc(b1-Sp21,6.341925,10.475925,9.0682,27.393275,47.4094,38.0738,low
Gal(b1-4)GlcNAc(b1-6)[Gal(b1-4)GlcNAc(b1-2)]Man(a1-6)[GlcNAc(b1-4)][Gal(b1-4)GlcNAc(b1-4)[Gal(b1-4)GlcNAc(b1-2)]Man(a1-3)]Man(b1-4)GlcNAc(b1-4)GlcNAc(b1-Sp21,4.272025,9.81595,21.357775,20.971125,106.91105,124.333725,low
Gal(b1-4)Gal(b1-Sp10,7.018725,6.4291,10.1633,17.32205,12.602225,15.732725,low
Gal(b1-6)Gal(b1-Sp10,9.710325,7.028025,14.1372,24.90545,8.46445,18.6898,low
Neu5Ac(a2-3)Gal(b1-4)GlcNAc(b1-3)Gal(b1-Sp8,2.68435,12.61775,12.16695,11.877425,30.500675,29.53325,low
GalNAc(b1-6)GalNAc(b1-Sp8,7.633325,20.185025,13.229025,30.877025,20.87455,19.670475,low
(6S)Gal(b1-3)GlcNAc(b1-Sp0,5.616075,23.309225,14.8693,29.5021,25.108875,46.461,low
(6S)Gal(b1-3)(6S)GlcNAc(1-Sp0,4.824,17.61885,9.1656,17.5689,22.1374,12.272325,low
Fuc(a1-2)Gal(b1-4) GlcNAc(b1-2)Man(a1-6)[Fuc(a1-2)Gal(b1-4)GlcNAc(b1-2)[Fuc(a1-2)Gal(b1-4)GlcNAc(b1-4)]Man(a1-3)]Man(b1-4)GlcNAc(b1-4)GlcNAc(b1-Sp12,24.089375,10.26595,19.183375,18.685575,25.6683,31.400325,low
Fuc(a1-2)Gal(b1-4)[Fuc(a1-3)]GlcNAc(b1-2)Man(a1-6)[Fuc(a1-2)Gal(b1-4)[Fuc(a1-3)]GlcNAc(b1-4)[Fuc(a1-2)Gal(b1-4)[Fuc(a1-3)]GlcNAc(b1-2)]Man(a1-3)]Man(b1-4)GlcNAc(b1-4)GlcNAc(b1-Sp12,19.06395,20.174425,29.02695,33.245325,17.4469,88.7407,low
Gal(b1-4)[Fuc(a1-3)]GlcNAc(b1-6)GalNAc(b1-Sp14,20.675825,33.359925,12.7943,50.567275,30.18285,47.879125,low
Gal(b1-4)GlcNAc(b1-2)Man(a1-Sp0,5.389175,19.77665,21.290425,29.1646,25.25555,32.219675,low
Fuc(a1-2)Gal(b1-4)GlcNAc(b1-6)[Fuc(a1-2)Gal(b1-4)GlcNAc(b1-3)]GalNAc(b1-Sp14,11.0567,6.7735,9.068625,18.390075,41.64215,63.25325,low
Gal(a1-3)[Fuc(a1-2)]Gal(b1-4)GlcNAc(b1-6)[Gal(a1-3)[Fuc(a1-2)]Gal(b1-4)GlcNAc(b1-3)]GalNAc(b1-Sp14,40.185725,35.431,376.164375,934.412675,1829.640925,8301.508875,medium
GalNAc(a1-3)[Fuc(a1-2)]Gal(b1-4)GlcNAc(b1-6)[GalNAc(a1-3)[Fuc(a1-2)]Gal(b1-4)GlcNAc(b1-3)]GalNAc(b1-Sp14,16.558575,17.86395,55.234975,447.627375,570.716175,4369.6287,medium
Neu5Ac(a2-8)Neu5Ac(a2-3)Gal(b1-3)GalNAc(b1-4)[Neu5Ac(a2-8)Neu5Ac(a2-3)]Gal(b1-4)Glc(b1-Sp0,2.060125,23.111375,18.38965,21.179225,32.042225,47.57035,low
GalNAc(b1-4)Gal(b1-4)Glc(b1-Sp0,5.022,16.42335,32.103225,32.6646,26.713825,33.59835,low
GalNAc(a1-3)[Fuc(a1-2)]Gal(b1-4)GlcNAc(b1-2)Man(a1-6)[GalNAc(a1-3)[Fuc(a1-2)]Gal(b1-4)GlcNAc(b1-2)Man(a1-3)]Man(b1-4)GlcNAc(b1-4)[Fuc(a1-6)]GlcNAc(b1-Sp22,14.82355,24.896225,38.85935,128.281825,332.95285,1818.950525,low
Gal(a1-3)[Fuc(a1-2)]Gal(b1-3)GlcNAc(b1-2)Man(a1-6)[Gal(a1-3)[Fuc(a1-2)]Gal(b1-3)GlcNAc(b1-2)Man(a1-3)]Man(b1-4)GlcNAc(b1-4)[Fuc(a1-6)]GlcNAc(b1-Sp22,6.818825,18.334475,26.171375,48.8626,62.5797,315.546125,low
Neu5Ac(a2-6)Gal(b1-4)GlcNAc(b1-6)[Fuc(a1-2)Gal(b1-3)GlcNAc(b1-3)]Gal(b1-4)Glc(b1-Sp21,11.36665,17.435825,12.91385,17.6027,30.2457,28.17675,low
GalNAc(a1-3)[Fuc(a1-2)]Gal(b1-3)GlcNAc(b1-2)Man(a1-6)[GalNAc(a1-3)[Fuc(a1-2)]Gal(b1-3)GlcNAc(b1-2)Man(a1-3)]Man(b1-4)GlcNAc(b1-4)[Fuc(a1-6)]GlcNAc(b1-Sp22,7.178675,16.965625,20.22795,14.36155,27.11505,29.403,low
Gal(b1-4)GlcNAc(b1-6)[Gal(b1-4)GlcNAc(b1-2)]Man(a1-6)[Gal(b1-4)GlcNAc(b1-2)Man(a1-3)]Man(b1-4)GlcNAc(b1-4)GlcNAc(b1-Sp19,6.870025,21.54455,31.790975,27.29385,57.9195,44.95635,low
Neu5Ac(a2-3)Gal(b1-4)GlcNAc(b1-2)Man(a1-6)[GlcNAc(b1-4)][Neu5Ac(a2-3)Gal(b1-4)GlcNAc(b1-2)Man(a1-3)]Man(b1-4)GlcNAc(b1-4)GlcNAc(b1-Sp21,7.162375,6.958875,10.55275,11.7097,24.9125,42.367625,low
Neu5Ac(a2-3)Gal(b1-4)GlcNAc(b1-4)Man(a1-6)[GlcNAc(b1-4)][Neu5Ac(a2-3)Gal(b1-4)GlcNAc(b1-4)[Neu5Ac(a2-3)Gal(b1-4)GlcNAc(b1-2)]Man(a1-3)]Man(b1-4)GlcNAc(b1-4)GlcNAc(b1-Sp21,9.6739,3.3701,17.297275,41.5783,122.9716,218.42995,low
Neu5Ac(a2-3)Gal(b1-4)GlcNAc(b1-6)[Neu5Ac(a2-3)Gal(b1-4)GlcNAc(b1-2)]Man(a1-6)[GlcNAc(b1-4)][Neu5Ac(a2-3)Gal(b1-4)GlcNAc(b1-2)Man(a1-3)]Man(b1-4)GlcNAc(b1-4)GlcNAc(b1-Sp21,6.53465,7.4333,17.267975,9.3575,43.826475,58.9748,low
Neu5Ac(a2-3)Gal(b1-4)GlcNAc(b1-6)[Neu5Ac(a2-3)Gal(b1-4)GlcNAc(b1-2)]Man(a1-6)[GlcNAc(b1-4)][Neu5Ac(a2-3)Gal(b1-4)GlcNAc(b1-4)[Neu5Ac(a2-3)Gal(b1-4)GlcNAc(b1-2)]Man(a1-3)]Man(b1-4)GlcNAc(b1-4)GlcNAc(b1-Sp21,12.722075,7.6751,22.573975,28.649375,109.141625,252.961875,low
Neu5Ac(a2-6)Gal(b1-4)GlcNAc(b1-2)Man(a1-6)[GlcNAc(b1-4)][Neu5Ac(a2-6)Gal(b1-4)GlcNAc(b1-2)Man(a1-3)]Man(b1-4)GlcNAc(b1-4)GlcNAc(b1-Sp21,0.7266,18.073075,6.611925,13.43745,34.00315,34.578325,low
Neu5Ac(a2-6)Gal(b1-4)GlcNAc(b1-4)Man(a1-6)[GlcNAc(b1-4)][Neu5Ac(a2-6)Gal(b1-4)GlcNAc(b1-4)[Neu5Ac(a2-6)Gal(b1-4)GlcNAc(b1-2)]Man(a1-3)]Man(b1-4)GlcNAc(b1-4)GlcNAc(b1-Sp21,24.5127,12.49445,27.1055,11.9498,9.99615,41.721125,low
Neu5Ac(a2-6)Gal(b1-4)GlcNAc(b1-6)[Neu5Ac(a2-6)Gal(b1-4)GlcNAc(b1-2)]Man(a1-6)[GlcNAc(b1-4)][Neu5Ac(a2-6)Gal(b1-4)GlcNAc(b1-2)Man(a1-3)]Man(b1-4)GlcNAc(b1-4)GlcNAc(b1-Sp21,8.663225,8.151625,21.46755,13.5638,7.56805,32.244225,low
Neu5Ac(a2-6)Gal(b1-4)GlcNAc(b1-6)[Neu5Ac(a2-6)Gal(b1-4)GlcNAc(b1-2)]Man(a1-6)[GlcNAc(b1-4)][Neu5Ac(a2-6)Gal(b1-4)GlcNAc(b1-4)[Neu5Ac(a2-6)Gal(b1-4)GlcNAc(b1-2)]Man(a1-3)]Man(b1-4)GlcNAc(b1-4)GlcNAc(b1-Sp21,4.420175,19.5348,22.7335,13.478725,18.58565,23.681475,low
Gal(a1-3)[Fuc(a1-2)]Gal(b1-3)GalNAc(a1-Sp8,12.831725,21.568925,22.750225,25.397675,15.655975,35.1261,low
Gal(a1-3)[Fuc(a1-2)]Gal(b1-3)GalNAc(b1-Sp8,20.437325,25.230825,23.0336,37.1464,26.457975,33.973675,low
Glc(a1-6)Glc(a1-6)Glc(a1-6)Glc(b1-Sp10,8.1329,19.152775,20.62805,34.706225,13.14065,19.221325,low
Glc(a1-4)Glc(a1-4)Glc(a1-4)Glc(b1-Sp10,11.772675,18.8661,14.6332,27.719575,25.38615,50.712175,low
Neu5Ac(a2-3)Gal(b1-4)GlcNAc(b1-6)[Neu5Ac(a2-3)Gal(b1-4)GlcNAc(b1-3)]GalNAc(a1-Sp14,9.12595,21.573125,17.9214,28.454525,10.321375,34.07665,low
Fuc(a1-2)Gal(b1-4)[Fuc(a1-3)]GlcNAc(b1-2)Man(a1-6)[Fuc(a1-2)Gal(b1-4)[Fuc(a1-3)]GlcNAc(b1-2)Man(a1-3)]Man(b1-4)GlcNAc(b1-4)[Fuc(a1-6)]GlcNAc(b1-Sp24,2.857325,23.8965,18.752225,37.228175,25.21145,34.19305,low
Fuc(a1-2)Gal(b1-3)[Fuc(a1-4)]GlcNAc(b1-2)Man(a1-6)[Fuc(a1-2)Gal(b1-3)[Fuc(a1-4)]GlcNAc(b1-2)Man(a1-3)]Man(b1-4)GlcNAc(b1-4)[Fuc(a1-6)]GlcNAc(b1-4)[Fuc(a1-6)]GlcNAc(b1-Sp19,10.039275,21.405775,42.44725,24.2102,23.8482,47.29165,low
Neu5Ac(a2-3)Gal(b1-3)GlcNAc(b1-6)[Neu5Ac(a2-3)Gal(b1-3)GlcNAc(b1-2)]Man(a1-6)[Neu5Ac(a2-3)Gal(b1-3)GlcNAc(b1-2)Man(a1-3)]Man(b1-4)GlcNAc(b1-4)GlcNAc(b1-Sp19,12.070775,14.923475,19.2109,39.40095,33.1487,51.0319,low
GlcNAc(b1-6)[GlcNAc(b1-2)]Man(a1-6)[GlcNAc(b1-2)Man(a1-3)]Man(b1-4)GlcNAc(b1-4)[Fuc(a1-6)]GlcNAc(b1-Sp24,4.142325,23.98485,11.99125,34.11565,15.779525,22.7489,low
Gal(b1-3)GlcNAc(b1-2)Man(a1-6)[GlcNAc(b1-4)][Gal(b1-3)GlcNAc(b1-2)Man(a1-3)]Man(b1-4)GlcNAc(b1-4)GlcNAc(b1-Sp21,9.664225,28.209025,25.479325,41.166275,47.516275,84.672075,low
Neu5Ac(a2-6)Gal(b1-4)GlcNAc(b1-6)[Gal(b1-3)GlcNAc(b1-3)]Gal(b1-4)Glc(b1-Sp21,0.543475,5.756375,11.757575,13.720975,12.267225,18.841625,low
Neu5Ac(a2-3)Gal(b1-4)GlcNAc(b1-2)Man(a1-Sp0,8.32905,25.8379,67.30465,28.430725,36.3812,49.332975,low
Neu5Ac(a2-3)Gal(b1-4)GlcNAc(b1-6)GalNAc(a1-Sp14,6.93085,14.89675,12.442725,17.262075,14.212025,26.229925,low
Neu5Ac(a2-6)Gal(b1-4)GlcNAc(b1-6)GalNAc(a1-Sp14,7.9665,11.93225,25.337475,36.9869,20.36155,23.82245,low
Neu5Ac(a2-6)Gal(b1-4) GlcNAc(b1-6)[Neu5Ac(a2-6)Gal(b1-4)GlcNAc(b1-3)]GalNAc(a1-Sp14,5.4656,5.393275,7.948425,21.898425,28.8422,35.856925,low
Neu5Ac(a2-6)Gal(b1-4)GlcNAc(b1-2)Man(a1-6)[Neu5Ac(a2-6)Gal(b1-4)GlcNAc(b1-2)Man(a1-3)]Man(b1-4)GlcNAc(b1-4)[Fuc(a1-6)]GlcNAc(b1-Sp24,14.905225,10.82425,31.990075,27.3586,25.785975,26.218875,low
Neu5Ac(a2-3)Gal(b1-4)GlcNAc(b1-2)Man(a1-6)[Neu5Ac(a2-3)Gal(b1-4)GlcNAc(b1-2)Man(a1-3)]Man(b1-4)GlcNAc(b1-4)[Fuc(a1-6)]GlcNAc(b1-Sp24,8.855075,22.318375,12.29935,22.1421,53.24715,77.1521,low
Man(a1-6)[Man(a1-3)]Man(b1-4)GlcNAc(b1-4)[Fuc(a1-6)]GlcNAc(b1-Sp19,5.85735,15.155075,14.757675,15.6283,16.4275,35.684875,low
Gal(b1-4)GlcNAc(b1-6)[Gal(b1-4)GlcNAc(b1-2)]Man(a1-6)[Gal(b1-4)GlcNAc(b1-2)Man(a1-3)]Man(b1-4)GlcNAc(b1-4)[Fuc(a1-6)]GlcNAc(b1-Sp24,15.176375,14.44125,21.0829,47.41145,112.173825,77.36125,low
Neu5Ac(a2-3)Gal(b1-3)GlcNAc(b1-2)Man(a1-6)[GlcNAc(b1-4)][Neu5Ac(a2-3)Gal(b1-3)GlcNAc(b1-2)Man(a1-3)]Man(b1-4)GlcNAc(b1-4)GlcNAc(b1-Sp21,14.1545,19.248325,20.069775,10.496075,25.9549,49.485925,low
Neu5Ac(a2-6)Gal(b1-4)GlcNAc(b1-6)[Fuc(a1-2)Gal(b1-4)[Fuc(a1-3)]GlcNAc(b1-3)]Gal(b1-4)Glc(b1-Sp21,4.687,12.987275,19.687325,15.879475,32.122825,32.099875,low
Gal(b1-3)GlcNAc(b1-6)GalNAc(a1-Sp14,8.274275,11.754825,5.7374,28.92645,8.751775,11.6842,low
Gal(a1-3)Gal(b1-3)GlcNAc(b1-6)GalNAc(a1-Sp14,9.4029,11.692625,19.32895,20.666275,36.031825,97.18795,low
Gal(b1-3)[Fuc(a1-4)]GlcNAc(b1-6)GalNAc(a1-Sp14,7.4592,24.29045,22.874975,37.045025,14.800925,52.2086,low
Neu5Ac(a2-3)Gal(b1-3)GlcNAc(b1-6)GalNAc(a1-Sp14,7.53165,11.7328,30.28475,11.050225,29.046375,31.890875,low
(3S)Gal(b1-3)[Fuc(a1-4)]GlcNAc(b1-Sp0,8.9236,25.040975,30.46195,21.650475,20.5241,35.3167,low
Gal(b1-4)[Fuc(a1-3)]GlcNAc(b1-6)[Neu5Ac(a2-6)[Neu5Ac(a2-3)Gal(b1-3)]GlcNAc(b1-3)]Gal(b1-4)Glc(b1-Sp21,8.635425,14.4749,9.88065,29.6237,29.400475,32.499275,low
Fuc(a1-2)Gal(b1-4)GlcNAc(b1-6)GalNAc(a1-Sp14,10.25655,11.526375,27.90025,28.83555,16.22155,47.693475,low
Gal(a1-3)Gal(b1-4)GlcNAc(b1-6)GalNAc(a1-Sp14,0.9546,21.3473,14.2654,42.3514,24.708875,50.86025,low
Gal(b1-4)[Fuc(a1-3)]GlcNAc(b1-2)Man(a1-Sp0,9.587075,10.927825,8.33725,23.16695,18.776825,19.607275,low
Fuc(a1-2)(6S)Gal(b1-3)GlcNAc(b1-Sp0,5.898925,9.888875,5.058675,21.0742,8.30385,9.41365,low
Gal(a1-3)[Fuc(a1-2)]Gal(b1-4)GlcNAc(b1-6)GalNAc(a1-Sp14,9.187525,20.354125,14.90485,21.758475,10.9443,20.127025,low
Fuc(a1-2)Gal(b1-4)GlcNAc(b1-2)Man(a1-Sp0,9.20825,15.6983,11.596125,18.082725,20.654975,9.432175,low
Fuc(a1-2)Gal(b1-3)(6S)GlcNAc(b1-Sp0,15.309225,25.29855,38.3367,36.300175,22.340425,48.331975,low
Fuc(a1-2)(6S)Gal(b1-3)(6S)GlcNAc(b1-Sp0,11.54195,31.230125,11.272825,50.138575,28.052825,19.028825,low
Neu5Ac(a2-6)GalNAc(b1-4)(6S)GlcNAc(b1-Sp8,8.587425,20.046925,16.905475,19.447075,17.880325,84.634125,low
GalNAc(b1-4)[Fuc(a1-3)](6S)GlcNAc(b1-Sp8,4.04755,16.7689,14.7827,27.4803,28.277225,41.155125,low
(3S)GalNAc(b1-4)[Fuc(a1-3)]GlcNAc(b1-Sp8,11.766525,8.518275,20.01855,15.9101,11.301725,12.0123,low
Fuc(a1-2)Gal(b1-3)GlcNAc(b1-6)[Fuc(a1-2)Gal(b1-3)GlcNAc(b1-3)]GalNAc(a1-Sp14,26.245775,25.51865,13.479825,31.2693,17.279675,31.38325,low
GalNAc(a1-3)[Fuc(a1-2)]Gal(b1-3)GlcNAc(b1-6)GalNAc(a1-Sp14,13.8015,15.8262,16.5318,44.858675,200.16805,441.265525,low
GlcNAc(b1-6)[GlcNAc(b1-2)]Man(a1-6)[GlcNAc(b1-4)][GlcNAc(b1-4)[GlcNAc(b1-2)]Man(a1-3)]Man(b1-4)GlcNAc(b1-4)[Fuc(a1-6)]GlcNAc(b1-Sp21,6.4956,8.378175,5.0433,10.440225,7.079425,6.781175,low
Gal(b1-4)GlcNAc(b1-6)[Gal(b1-4)GlcNAc(b1-2)]Man(a1-6)[GlcNAc(b1-4)]Gal(b1-4)GlcNAc(b1-4)[Gal (b1-4)GlcNAc(b1-2)]Man(a1-3)]Man(b1-4)GlcNAc(b1-4)[Fuc(a1-6)]GlcNAc(b1-Sp21,10.194825,15.30135,11.0884,30.6586,96.4716,98.1358,low
Gal(b1-3)GlcNAc(a1-3)Gal(b1-4)GlcNAc(b1-Sp8 ,7.48045,5.152825,15.802425,26.9693,32.3406,47.568775,low
Gal(b1-3)(6S)GlcNAc(b1-Sp8,12.1324,17.512875,9.909775,11.14365,16.1301,23.204025,low
(6S)(4S)GalNAc(b1-4)GlcNAc(c1-Sp8,3.071025,9.6432,3.1489,8.701375,11.440975,13.506775,low
(6S)GalNAc(b1-4)GlcNAc(c1-Sp8,8.85765,4.1312,12.7762,13.036375,13.8802,26.248625,low
(3S)GalNAc(b1-4)(3S)GlcNAc(1-Sp8,11.115675,10.092775,24.5854,13.98015,21.549125,10.62435,low
GalNAc(b1-4)(6S)GlcNAc(c1-Sp8,12.97335,27.460125,20.28125,20.545975,27.253625,35.4382,low
(3S)GalNAc(b1-4)GlcNAc(c1-Sp8,13.248675,13.580625,4.91425,26.0419,65.5419,72.97125,low
(4S)GalNAc(b1-Sp10,10.892775,14.5189,10.63235,16.08515,20.73525,15.500275,low
Gal(b1-4)(6P)GlcNAc(b1-Sp0,8.893325,13.7669,-0.37245,15.49765,16.107775,10.5443,low
(6P)Gal(b1-4)GlcNAc(b1-Sp0,10.613,14.3535,11.30695,10.28075,12.4239,9.684175,low
GalNAc(a1-3)[Fuc(a1-2)]Gal(b1-4)GlcNAc(b1-6)GalNAc(b1-Sp14,6.1577,16.138425,29.595775,41.98715,209.942975,569.9543,low
Neu5Ac(a2-6)Gal(b1-4)GlcNAc(b1-2)Man(b1-Sp0,1.997475,12.277775,14.967575,24.8764,17.755225,23.7439,low
Gal(a1-3)Gal(b1-4)GlcNAc(b1-2)Man(a1-Sp0,7.659975,11.125175,24.976825,16.720725,68.41555,225.062925,low
Gal(a1-3)[Fuc(a1-2)]Gal(b1-4)GlcNAc(b1-2)Man(a1-Sp0,38.016525,17.101875,371.544825,722.860175,1825.7236,4747.4768,medium
GalNAc(a1-3)[Fuc(a1-2)]Gal(b1-4) GlcNAc(b1-2)Man(a1-Sp0,52.67695,20.829,288.3809,1065.45025,1697.1836,6572.633425,medium
Gal(b1-3)GlcNAc(b1-2)Man(a1-Sp0,9.142025,34.91925,19.860325,30.746625,34.261875,37.46675,low
Gal(a1-3)[Fuc(a1-2)]Gal(b1-3)GlcNAc(b1-6)GalNAc(b1-Sp14,11.39175,16.796475,19.72205,12.185775,74.052325,142.594225,low
Neu5Ac(a2-3)Gal(b1-3)GlcNAc(b1-2)Man(a1-Sp0,15.453825,13.6604,15.778875,7.197325,30.0481,52.57055,low
Gal(a1-3)Gal(b1-3)GlcNAc(b1-2)Man(a1-Sp0,2.78455,2.882225,25.726375,31.738375,54.05785,41.92705,low
GalNAc(b1-4)GlcNAc(b1-2)Man(a1-Sp0,12.1219,16.846,18.636475,10.0205,24.61485,37.2508,low
Neu5Ac(a2-3)Gal(b1-3)GlcNAc(b1-4)Gal(b1-4)Glc(b1-Sp0,13.49175,7.074525,12.22675,5.313175,8.129125,15.954625,low
GlcNAc(b1-2)Man(a1-6)[GlcNAc(b1-4)][GlcNAc(b1-2)Man(a1-3)]Man(b1-4)GlcNAc(b1-4)[Fuc(a1-6)]GlcNAc(b1-Sp21,6.265625,14.154875,-1.551975,5.4987,6.246275,8.524525,low
Gal(b1-4)GlcNAc(b1-2)Man(a1-6)[GlcNAc(b1-4)][Gal(b1-4)GlcNAc(b1-2)Man(a1-3)]Man(b1-4)GlcNAc(b1-4)[Fuc(a1-6)]GlcNAc(b1-Sp21,12.35105,8.480675,10.775875,18.079975,61.330975,48.632625,low
Gal(b1-4)GlcNAc(b1-2)Man(a1-6)[Gal(b1-4)GlcNAc(b1-4)][Gal(b1-4)GlcNAc(b1-2)Man(a1-3)]Man(b1-4)GlcNAc(b1-4)[Fuc(a1-6)]GlcNAc(b1-Sp21,7.362775,11.63875,10.19705,46.041225,57.1023,61.940575,low
Fuc(a1-4)[Gal(b1-3)]GlcNAc(b1-2)Man(a1-Sp0,13.844625,17.465325,23.3347,54.320025,43.54625,41.397275,low
Neu5Ac(a2-3)Gal(b1-4)[Fuc(a1-3)]GlcNAc(b1-2)Man(a1-Sp0,5.0411,2.10235,2.98145,8.011875,11.5764,18.062975,low
GlcNAc(b1-3)Gal(b1-4)GlcNAc(b1-6)[GlcNAc(b1-3)]Gal(b1-4)GlcNAc(b1-Sp0,5.871875,10.2248,16.55125,22.278225,167.78835,223.712975,low
GalNAc(a1-3)[Fuc(a1-2)]Gal(b1-3)GalNAc(b1-3)Gal(a1-4)Gal(b1-4)Glc(b1-Sp21,3.23965,9.3569,6.1811,14.496325,7.66825,21.291125,low
Gal(a1-3)[Fuc(a1-2)]Gal(b1-3)GalNAc(b1-3)Gal(a1-4)Gal(b1-4)Glc(b1-Sp21,12.691925,12.9881,12.1179,13.60025,15.1708,26.124725,low
Gal(b1-3)GalNAc(b1-3)Gal(b1-Sp21,16.632525,15.113575,11.20785,34.85015,10.599725,23.63875,low
GlcNAc(b1-3)Gal(b1-4)GlcNAc(b1-2)Man(a1-6)[GlcNAc(b1-3)Gal(b1-4)GlcNAc(b1-2)Man(a1-3)]Man(b1-4)GlcNAc(b1-4)GlcNAc(b1-Sp12,2.666425,9.4001,131.8993,261.724325,1147.2131,3584.0536,medium
GlcNAc(b1-3)Gal(b1-4)GlcNAc(b1-2)Man(a1-6)[GlcNAc(b1-3)Gal(b1-4)GlcNAc(b1-2)Man(a1-3)]Man(b1-4)GlcNAc(b1-4)GlcNAc(b1-Sp25,28.27075,27.0172,291.0165,456.215825,1659.50705,7416.86575,medium
Gal(b1-4)GlcNAc(b1-3)Gal(b1-4)GlcNAc(b1-2)Man(a1-6)[Gal(b1-4)GlcNAc(b1-3)Gal(b1-4)GlcNAc(b1-2)Man(a1-3)]Man(b1-4)GlcNAc(b1-4)GlcNAc(b1-Sp12,27.7644,90.0226,104.076425,113.5155,173.34965,135.949675,low
Gal(b1-4)GlcNAc(b1-3)Gal(b1-4)GlcNAc(b1-2)Man(a1-6)[Gal(b1-4)GlcNAc(b1-3)Gal(b1-4)GlcNAc(b1-2)Man(a1-3)]Man(b1-4)GlcNAc(b1-4)GlcNAc(b1-Sp24,44.745175,64.202025,887.4105,1867.585025,7743.490725,13110.68603,high
Neu5Gc(a2-3)Gal(b1-4)GlcNAc(b1-3)Gal(b1-4)GlcNAc(b1-2)Man(a1-6)[Neu5Gc(a2-3)Gal(b1-4)GlcNAc(b1-3)Gal(b1-4)GlcNAc(b1-2)Man(a1-3)]Man(b1-4)GlcNAc(b1-4)GlcNAc(b1-Sp24,27.71745,21.79425,43.6023,45.365025,359.068125,485.765175,low
Fuc(a1-2)Gal(b1-4)GlcNAc(b1-3)Gal(b1-4)GlcNAc(b1-2)Man(a1-6)[Fuc(a1-2)Gal(b1-4)GlcNAc(b1-3)Gal(b1-4)GlcNAc(b1-2)Man(a1-3)]Man(b1-4)GlcNAc(b1-4)GlcNAc(b1-Sp24,74.7819,37.390625,520.346625,1077.70215,6206.273375,7465.44,medium
GlcNAc(b1-3)Gal(b1-4)GlcNAc(b1-3)Gal(b1-4)GlcNAc(b1-2)Man(a1-6)[GlcNAc(b1-3)Gal(b1-4)GlcNAc(b1-3)Gal(b1-4)GlcNAc(b1-2)Man(a1-3)]Man(b1-4)GlcNAc(b1-4)GlcNAc(b1-Sp12,16.351175,94.642725,187.79065,336.7964,1094.77795,1924.5718,low
GlcNAc(b1-3)Gal(b1-4)GlcNAc(b1-3)Gal(b1-4)GlcNAc(b1-2)Man(a1-6)[GlcNAc(b1-3)Gal(b1-4)GlcNAc(b1-3)Gal(b1-4)GlcNAc(b1-2)Man(a1-3)]Man(b1-4)GlcNAc(b1-4)GlcNAc(b1-Sp25,116.3531,82.152175,964.2236,2542.640225,10360.40283,15322.45865,high
Gal(b1-4)GlcNAc(b1-3)Gal(b1-4)GlcNAc(b1-3)Gal(b1-4)GlcNAc(b1-2)Man(a1-6)[Gal(b1-4)GlcNAc(b1-3)Gal(b1-4)GlcNAc(b1-3)Gal(b1-4)GlcNAc(b1-2)Man(a1-3)]Man(b1-4)GlcNAc(b1-4)GlcNAc(b1-Sp12,4.6878,143.932225,340.84625,764.7388,1290.6683,4215.83285,medium
Gal(b1-4)GlcNAc(b1-3)Gal(b1-4)GlcNAc(b1-3)Gal(b1-4)GlcNAc(b1-2)Man(a1-6)[Gal(b1-4)GlcNAc(b1-3)Gal(b1-4)GlcNAc(b1-3)Gal(b1-4)GlcNAc(b1-2)Man(a1-3)]Man(b1-4)GlcNAc(b1-4)GlcNAc(b1-Sp24,97.0679,150.349775,1268.720325,2427.488275,12365.2809,14974.83877,high
GlcNAc(b1-3)Gal(b1-4)GlcNAc(b1-3)Gal(b1-4)GlcNAc(b1-3)Gal(b1-4)GlcNAc(b1-2)Man(a1-6)[GlcNAc(b1-3)Gal(b1-4)GlcNAc(b1-3)Gal(b1-4)GlcNAc(b1-3)Gal(b1-4)GlcNAc(b1-2)Man(a1-3)]Man(b1-4)GlcNAc(b1-4)GlcNAc(b1-Sp25,31.15395,44.59285,1348.370325,1785.766,9526.6166,16103.07065,high
Gal(b1-4)GlcNAc(b1-3)Gal(b1-4)GlcNAc(b1-3)Gal(b1-4)GlcNAc(b1-3)Gal(b1-4)GlcNAc(b1-2)Man(a1-6)[Gal(b1-4)GlcNAc(b1-3)Gal(b1-4)GlcNAc(b1-3)Gal(b1-4)GlcNAc(b1-3)Gal(b1-4)GlcNAc(b1-2)Man(a1-3)]Man(b1-4)GlcNAc(b1-4)GlcNAc(b1-Sp25,38.093375,82.171225,1820.72305,2618.1586,12318.21055,22356.72515,high
Gal(b1-3)GlcNAc(b1-3)Gal(b1-4)GlcNAc(b1-2)Man(a1-6)[Gal(b1-3)GlcNAc(b1-3)Gal(b1-4)GlcNAc(b1-2)Man(a1-3)]Man(b1-4)GlcNAc(b1-4)GlcNAc(b1-Sp25,10.5681,23.176525,442.609575,825.037475,4332.5556,8470.487125,medium
Neu5Gc(a2-8)Neu5Gc(a2-3)Gal(b1-4)GlcNAc(b1-Sp0,6.2978,7.844975,13.5346,13.58015,19.865975,47.398375,low
Neu5Ac(a2-8)Neu5Gc(a2-3)Gal(b1-4)GlcNAc(b1-Sp0,2.9682,8.074825,8.05565,12.050625,17.326075,14.652675,low
Neu5Gc(a2-8)Neu5Ac(a2-3)Gal(b1-4)GlcNAc(b1-Sp0,10.533175,13.90125,24.0652,1.13975,22.4435,14.69765,low
Neu5Gc(a2-8)Neu5Gc(a2-3)Gal(b1-4)GlcNAc(b1-3)Gal(b1-4)GlcNAc(b1-Sp0,14.880475,11.10825,17.44135,19.112525,103.9935,65.5907,low
Neu5Gc(a2-8)Neu5Gc(a2-6)Gal(b1-4)GlcNAc(b1-Sp0,7.95755,14.0515,14.8188,17.77365,10.079425,12.41585,low
Neu5Ac(a2-8)Neu5Ac(a2-3)Gal(b1-4)GlcNAc(b1-Sp0,13.145875,20.087925,7.65745,2.77655,21.48255,17.60085,low
Gal(b1-4)GlcNAc(b1-3)Gal(b1-4)GlcNAc(b1-6)[Gal(b1-4)GlcNAc(b1-3)Gal(b1-4)GlcNAc(b1-2)]Man(a1-6)[Gal(b1-4)GlcNAc(b1-3)Gal(b1-4)GlcNAc(b1-2)Man(a1-3)]Man(a1-4)GlcNAc(b1-4)GlcNAc(b1-Sp24,29.4003,32.56765,323.7895,692.362975,2202.27185,5952.445525,medium
Gal(a1-3)Gal(b1-4)GlcNAc(b1-2)Man(a1-6)[Gal(a1-3)Gal(b1-4)GlcNAc(b1-2)Man(a1-3)]Man(b1-4)GlcNAc(b1-4)GlcNAc(b1-Sp24,16.96775,34.93725,201.7784,616.41195,2417.653625,6219.781125,medium
GlcNAc(b1-3)Gal(b1-4)GlcNAc(b1-6)[GlcNAc(b1-3)Gal(b1-3)]GalNAc(a1-Sp14,18.3568,10.890075,9.000975,17.233175,38.317125,39.601425,low
GalNAc(b1-3)GlcNAc(b1-Sp0 ,5.34925,11.02325,10.142,15.092,18.4841,9.650075,low
GalNAc(b1-4)GlcNAc(b1-3)GalNAc(b1-4)GlcNAc(b1-Sp0 ,26.54985,28.575175,340.138425,669.960625,2437.24085,8550.167075,medium
GlcNAc(b1-3)Gal(b1-4)GlcNAc(b1-3)Gal(b1-4)GlcNAc(b1-3)Gal(b1-4)GlcNAc(b1-3)Gal(b1-4)GlcNAc(b1-2)Man(a1-6)[GlcNAc(b1-3)Gal(b1-4)GlcNAc(b1-3)Gal(b1-4)GlcNAc(b1-3)Gal(b1-4)GlcNAc(b1-3)Gal(b1-4)GlcNAc(b1-2)Man(a1-3)]Man(b1-4)GlcNAc(b1-4)GlcNAc(b1-Sp25,219.578,109.96885,1738.557125,2342.0294,10805.30375,17676.22157,high
Gal(b1-4)GlcNAc(b1-3)Gal(b1-4)GlcNAc(b1-3)Gal(b1-4)GlcNAc(b1-3)Gal(b1-4)GlcNAc(b1-3)Gal(b1-4)GlcNAc(b1-2)Man(a1-6)[Gal(b1-4)GlcNAc(b1-3)Gal(b1-4)GlcNAc(b1-3)Gal(b1-4)GlcNAc(b1-3)Gal(b1-4)GlcNAc(b1-3)Gal(b1-4)GlcNAc(b1-2)Man(a1-3)]Man(b1-4)GlcNAc(b1-4)GlcNAc(b1-Sp25,1655.757225,134.580325,1464.17495,1751.745875,10547.8476,13463.37902,high
GlcNAc(b1-3)Gal(b1-3)GalNAc(b1-Sp14,12.88135,5.167825,9.03495,12.695175,25.022,24.692625,low
Gal(b1-3)GlcNAc(b1-6)[Gal(b1-3)]GalNAc(b1-Sp14,8.67945,16.39825,17.673525,13.24135,29.566675,28.77215,low
Gal(b1-4)GlcNAc(b1-3)Gal(b1-4)GlcNAc(b1-3)Gal(b1-4)GlcNAc(b1-3)Gal(b1-4)GlcNAc(b1-3)Gal(b1-4)GlcNAc(b1-3)Gal(b1-4)GlcNAc(b1-2)Man(a1-6)[Gal(b1-4)GlcNAc(b1-3)Gal(b1-4)GlcNAc(b1-3)Gal(b1-4)GlcNAc(b1-3)Gal(b1-4)GlcNAc(b1-3)Gal(b1-4)GlcNAc(b1-3)Gal(b1-4)GlcNAc(b1-2)Man(a1-3)]Man(b1-4)GlcNAc(b1-4)GlcNAc(b1-Sp25,217.121175,122.447925,1608.816725,1460.6783,16047.52837,12483.94898,high
(3S)GlcA(b1-3)Gal(b1-4)GlcNAc(b1-3)Gal(b1-4)Glc(1-Sp0,21.0939,21.030425,64.20575,305.5031,862.217975,2236.773925,low
(3S)GlcA(b1-3)Gal(b1-4)GlcNAc(b1-2)Man(a1-Sp0,4.08475,12.3353,26.364525,14.240025,133.53085,433.03365,low
Gal(b1-3)GlcNAc(b1-3)Gal(b1-4)GlcNAc(b1-3)Gal(b1-4)GlcNAc(b1-6)[Gal(b1-3)GlcNAc(b1-3)Gal(b1-4)GlcNAc(b1-3)Gal(b1-4)GlcNAc(b1-2)]Man(a1-6)[Gal(b1-3)GlcNAc(b1-3)Gal(b1-4)GlcNAc(b1-3)Gal(b1-4)GlcNAc(b1-2)Man(a1-3)]Man(b1-4)GlcNAc(b1-4)[Fuc(a1-6)]GlcNAc(b1-Sp24,25.979325,23.150725,648.60525,1161.2186,5670.994325,12242.70938,high
Gal(b1-3)GlcNAc(b1-3)Gal(b1-4)GlcNAc(b1-6)[Gal(b1-3)GlcNAc(b1-3)Gal(b1-4)GlcNAc(b1-2)]Man(a1-6)[Gal(b1-3)GlcNAc(b1-3)Gal(b1-4)GlcNAc(b1-2)Man(a1-3)]Man(b1-4)GlcNAc(b1-4)[Fuc(a1-6)]GlcNAc(b1-Sp24,21.5666,25.1506,226.871,156.137825,1565.665,2382.433525,low
Neu5Ac(a2-8)Neu5Ac(a2-3)Gal(b1-3)GalNAc(b1-4)[Neu5Ac(a2-3)]Gal(b1-4)Glc(b1-Sp21,14.846875,9.419375,18.574725,2.582975,16.614625,13.898025,low
GlcNAc(b1-3)Gal(b1-4)GlcNAc(b1-2)Man(a1-6)[GlcNAc(b1-3)Gal(b1-4)GlcNAc(b1-2)Man(a1-3)]Man(b1-4)GlcNAc(b1-4)[Fuc(a1-6)]GlcNAc(b1-Sp24,15.3093,27.241925,115.837925,332.480675,1765.574075,4475.782475,medium
Gal(b1-4)GlcNAc(b1-3)Gal(b1-4)GlcNAc(b1-2)Man(a1-6)[Gal(b1-4)GlcNAc(b1-3)Gal(b1-4)GlcNAc(b1-2)Man(a1-3)]Man(b1-4)GlcNAc(b1-4)[Fuc(a1-6)]GlcNAc(b1-Sp24,42.1405,51.32235,669.02675,1766.827875,7268.143075,14321.68323,high
GlcNAc(b1-3)Gal(b1-4)GlcNAc(b1-3)Gal(b1-4)GlcNAc(b1-2)Man(a1-6)[GlcNAc(b1-3)Gal(b1-4)GlcNAc(b1-3)Gal(b1-4)GlcNAc(b1-2)Man(a1-3)]Man(b1-4)GlcNAc(b1-4)[Fuc(a1-6)]GlcNAc(b1-Sp24,44.6512,54.064625,943.134675,2018.500575,8456.48895,15488.60547,high
Gal(b1-4)GlcNAc(b1-3)Gal(b1-4)GlcNAc(b1-3)Gal(b1-4)GlcNAc(b1-2)Man(a1-6)[Gal(b1-4)GlcNAc(b1-3)Gal(b1-4)GlcNAc(b1-3)Gal(b1-4)GlcNAc(b1-2)Man(a1-3)]Man(b1-4)GlcNAc(b1-4)[Fuc(a1-6)]GlcNAc(b1-Sp24,97.10735,98.1747,1055.379875,2581.873325,10457.60858,19897.73545,high
GlcNAc(b1-3)Gal(b1-4)GlcNAc(b1-3)Gal(b1-4)GlcNAc(b1-3)Gal(b1-4)GlcNAc(b1-2)Man(a1-6)[GlcNAc(b1-3)Gal(b1-4)GlcNAc(b1-3)Gal(b1-4)GlcNAc(b1-3)Gal(b1-4)GlcNAc(b1-2)Man(a1-3)]Man(b1-4)GlcNAc(b1-4)[Fuc(a1-6)]GlcNAc(b1-Sp24,49.42125,64.149125,1102.148275,1743.272,7473.58215,13904.78,high
Gal(b1-4)GlcNAc(b1-3)Gal(b1-4)GlcNAc(b1-3)Gal(b1-4)GlcNAc(b1-3)Gal(b1-4)GlcNAc(b1-2)Man(a1-6)[Gal(b1-4)GlcNAc(b1-3)Gal(b1-4)GlcNAc(b1-3)Gal(b1-4)GlcNAc(b1-3)Gal(b1-4)GlcNAc(b1-2)Man(a1-3)]Man(b1-4)GlcNAc(b1-4)[Fuc(a1-6)]GlcNAc(b1-Sp24,184.79215,104.205275,1434.3027,2206.219475,10958.33915,16336.6014,high
GlcNAc(b1-3)Gal(b1-4)GlcNAc(b1-3)Gal(b1-4)GlcNAc(b1-3)Gal(b1-4)GlcNAc(b1-3)Gal(b1-4)GlcNAc(b1-2)Man(a1-6)[GlcNAc(b1-3)Gal(b1-4)GlcNAc(b1-3)Gal(b1-4)GlcNAc(b1-3)Gal(b1-4)GlcNAc(b1-3)Gal(b1-4)GlcNAc(b1-2)Man(a1-3)]Man(b1-4)GlcNAc(b1-4)[Fuc(a1-6)]GlcNAc(b1-Sp19,1016.504825,121.56235,1504.97585,1852.457875,10164.5757,13457.40238,high
Gal(b1-4)GlcNAc(b1-3)Gal(b1-4)GlcNAc(b1-3)Gal(b1-4)GlcNAc(b1-3)Gal(b1-4)GlcNAc(b1-3)Gal(b1-4)GlcNAc(b1-2)Man(a1-6)[Gal(b1-4)GlcNAc(b1-3)Gal(b1-4)GlcNAc(b1-3)Gal(b1-4)GlcNAc(b1-3)Gal(b1-4)GlcNAc(b1-3)Gal(b1-4)GlcNAc(b1-2)Man(a1-3)]Man(b1-4)GlcNAc(b1-4)[Fuc(a1-6)]GlcNAc(b1-Sp19,452.19375,182.05975,2207.4648,2903.043575,15009.65778,24327.79638,high
Gal(b1-4)GlcNAc(b1-3)Gal(b1-4)GlcNAc(b1-6)[Gal(b1-4)GlcNAc(b1-3)Gal(b1-4)GlcNAc(b1-2)]Man(a1-6)[Gal(b1-4)GlcNAc(b1-3)Gal(b1-4)GlcNAc(b1-2)Man(a1-3)]Man(b1-4)GlcNAc(b1-4)[Fuc(a1-6)]GlcNAc(b1-Sp24,27.471275,44.232075,833.7948,2292.081575,10496.75465,17131.3543,high
GlcNAc(b1-3)Gal(b1-4)GlcNAc(b1-3)Gal(b1-4)GlcNAc(b1-6)[GlcNAc(b1-3)Gal(b1-4)GlcNAc(b1-3)Gal(b1-4)GlcNAc(b1-2)]Man(a1-6)[GlcNAc(b1-3)Gal(b1-4)GlcNAc(b1-3)Gal(b1-4)GlcNAc(b1-2)Man(a1-3)]Man(b1-4)GlcNAc(b1-4)[Fuc(a1-6)]GlcNAc(b1-Sp24,41.473225,35.199325,647.019825,820.3321,7726.769425,7947.745675,medium
Gal(b1-4)GlcNAc(b1-3)Gal(b1-4)GlcNAc(b1-3)Gal(b1-4)GlcNAc(b1-6)[Gal(b1-4)GlcNAc(b1-3)Gal(b1-4)GlcNAc(b1-3)Gal(b1-4)GlcNAc(b1-2)]Man(a1-6)[Gal(b1-4)GlcNAc(b1-3)Gal(b1-4)GlcNAc(b1-3)Gal(b1-4)GlcNAc(b1-2)Man(a1-3)]Man(b1-4)GlcNAc(b1-4)[Fuc(a1-6)]GlcNAc(b1-Sp24,118.298925,83.405,1169.4623,2472.436275,12502.78,20787.20298,high
GlcNAc(b1-3)Gal(b1-4)GlcNAc(b1-3)Gal(b1-4)GlcNAc(b1-3)Gal(b1-4)GlcNAc(b1-6)[GlcNAc(b1-3)Gal(b1-4)GlcNAc(b1-3)Gal(b1-4)GlcNAc(b1-3)Gal(b1-4)GlcNAc(b1-2)]Man(a1-6)[GlcNAc(b1-3)Gal(b1-4)GlcNAc(b1-3)Gal(b1-4)GlcNAc(b1-3)Gal(b1-4)GlcNAc(b1-2)Man(a1-3)]Man(b1-4)GlcNAc(b1-4)[Fuc(a1-6)]GlcNAc(b1-Sp24,52.514825,42.69545,932.134125,1396.62335,9018.2174,13426.70948,high
Gal(b1-4)GlcNAc(b1-3)Gal(b1-4)GlcNAc(b1-3)Gal(b1-4)GlcNAc(b1-3)Gal(b1-4)GlcNAc(b1-6)[Gal(b1-4)GlcNAc(b1-3)Gal(b1-4)GlcNAc(b1-3)Gal(b1-4)GlcNAc(b1-3)Gal(b1-4)GlcNAc(b1-2)]Man(a1-6)[Gal(b1-4)GlcNAc(b1-3)Gal(b1-4)GlcNAc(b1-3)Gal(b1-4)GlcNAc(b1-3)Gal(b1-4)GlcNAc(b1-2)Man(a1-3)]Man(b1-4)GlcNAc(b1-4)[Fuc(a1-6)]GlcNAc(b1-Sp24,150.827375,90.878675,1476.8602,2335.50855,12494.18783,17361.57573,high
GlcNAc(b1-3)Gal(b1-4)GlcNAc(b1-3)Gal(b1-4)GlcNAc(b1-3)Gal(b1-4)GlcNAc(b1-3)Gal(b1-4)GlcNAc(b1-6)[GlcNAc(b1-3)Gal(b1-4)GlcNAc(b1-3)Gal(b1-4)GlcNAc(b1-3)Gal(b1-4)GlcNAc(b1-3)Gal(b1-4)GlcNAc(b1-2)]Man(a1-6)[GlcNAc(b1-3)Gal(b1-4)GlcNAc(b1-3)Gal(b1-4)GlcNAc(b1-3)Gal(b1-4)GlcNAc(b1-3)Gal(b1-4)GlcNAc(b1-2)Man(a1-3)]Man(b1-4)GlcNAc(b1-4)[Fuc(a1-6)]GlcNAc(b1-Sp24,35.222875,74.70615,1537.4035,1346.929975,13627.5852,13147.0245,high
Gal(b1-4)GlcNAc(b1-3)Gal(b1-4)GlcNAc(b1-3)Gal(b1-4)GlcNAc(b1-3)Gal(b1-4)GlcNAc(b1-3)Gal(b1-4)GlcNAc(b1-6)[Gal(b1-4)GlcNAc(b1-3)Gal(b1-4)GlcNAc(b1-3)Gal(b1-4)GlcNAc(b1-3)Gal(b1-4)GlcNAc(b1-3)Gal(b1-4)GlcNAc(b1-2)]Man(a1-6)[Gal(b1-4)GlcNAc(b1-3)Gal(b1-4)GlcNAc(b1-3)Gal(b1-4)GlcNAc(b1-3)Gal(b1-4)GlcNAc(b1-3)Gal(b1-4)GlcNAc(b1-2)Man(a1-3)]Man(b1-4)GlcNAc(b1-4)[Fuc(a1-6)]GlcNAc(b1-Sp24,102.807425,188.109775,2142.98525,2711.36155,16292.47915,22758.08705,high
Gal(b1-4)GlcNAc(b1-3)Gal(b1-4)GlcNAc(b1-3)GalNAc(a1-Sp14,9.012175,45.6511,73.45005,164.4919,588.648925,1135.889025,low
Gal(b1-4)GlcNAc(b1-3)Gal(b1-4)GlcNAc(b1-6)[Gal(b1-3)]GalNAc(a1-Sp14,16.197525,50.281575,72.009925,83.3444,290.10805,584.797475,low
Gal(b1-4)GlcNAc(b1-3)Gal(b1-4)GlcNAc(b1-6)[Gal(b1-4)GlcNAc(b1-3)Gal(b1-4)GlcNAc(b1-3)]GalNAc(a1-Sp14,14.911975,48.49925,82.9223,135.32635,503.501475,842.049775,low
Neu5Ac(a2-3)Gal(b1-4)GlcNAc(b1-3)Gal(b1-4)GlcNAc(b1-3)GalNAc(a1-Sp14,5.727125,4.302875,26.78945,14.87235,65.71905,124.342275,low
GlcNAc(b1-3)Gal(b1-4)GlcNAc(b1-3)GalNAc(a1-Sp14,15.443075,4.669475,25.27375,25.3239,307.0829,615.5849,low
GlcNAc(b1-3)Gal(b1-4)GlcNAc(b1-6)[Gal(b1-3)]GalNAc(a1-Sp14,13.084375,8.227525,26.77765,31.3402,183.213375,415.766975,low
GlcNAc(b1-3)Gal(b1-4)GlcNAc(b1-6)[GlcNAc(b1-3)Gal(b1-4)GlcNAc(b1-3)]GalNAc(a1-Sp14,4.94425,14.8008,49.73615,29.620625,221.7409,665.180275,low
Neu5Ac(a2-3)Gal(b1-4)GlcNAc(b1-3)Gal(b1-4)GlcNAc(b1-6)[Neu5Ac(a2-3)Gal(b1-4)GlcNAc(b1-3)Gal(b1-4)GlcNAc(b1-3)]GalNAc(a1-Sp14,8.279175,43.4124,50.833875,52.713325,183.548725,571.6557,low
Neu5Ac(a2-6)Gal(b1-4)GlcNAc(b1-3)Gal(b1-4)GlcNAc(b1-3)GalNAc(a1-Sp14,6.6226,16.393275,21.073925,58.0793,265.719925,760.940475,low
GlcNAc(b1-3)Gal(b1-4)GlcNAc(b1-3)Gal(b1-4)GlcNAc(b1-3)GalNAc(a1-Sp14,5.22735,13.482025,400.901475,1115.417225,4649.953,8701.573075,medium
Gal(b1-4)GlcNAc(b1-3)Gal(b1-3)GalNAc(a1-Sp14,17.605525,11.072475,18.68525,49.099225,83.366575,109.5669,low
Neu5Ac(a2-3)Gal(b1-4)GlcNAc(b1-3)Gal(b1-4)GlcNAc(b1-6)[Gal(b1-3)]GalNAc(a1-Sp14,8.80705,34.565725,34.8881,37.778675,71.727675,174.496125,low
Neu5Ac(a2-6)Gal(b1-4)GlcNAc(b1-3)Gal(b1-4)GlcNAc(b1-6)[Gal(b1-3)]GalNAc(a1-Sp14,6.78375,17.05085,53.58685,113.00365,419.0146,944.465375,low
Neu5Ac(a2-6)Gal(b1-4)GlcNAc(b1-6)[Gal(b1-3)]GalNAc(a1-Sp14,10.851475,10.44555,5.9252,25.267875,41.9618,49.320575,low
Neu5Ac(a2-3)Gal(b1-4)GlcNAc(b1-3)Gal(b1-4)GlcNAc(b1-2)Man(a1-6)[Neu5Ac(a2-3)Gal(b1-4)GlcNAc(b1-3)Gal(b1-4)GlcNAc(b1-2)Man(a1-3)]Man(b1-4)GlcNAc(b1-4)GlcNAc(b1-Sp12,5.959,100.583075,93.187575,105.2858,153.329425,192.780925,low
GlcNAc(b1-6)[Neu5Ac(a2-3)Gal(b1-3)]GalNAc(a1-Sp14,8.75245,10.617925,11.96905,6.678975,10.56365,21.740025,low
Neu5Ac(a2-6)Gal(b1-4)GlcNAc(b1-3)Gal(b1-4)GlcNAc(b1-6)[Neu5Ac(a2-6)Gal(b1-4)GlcNAc(b1-3)Gal(b1-4)GlcNAc(b1-3)]GalNAc(a1-Sp14,10.7277,84.464775,82.234,106.064225,290.16175,350.6078,low
Neu5Ac(a2-6)Gal(b1-4)GlcNAc(b1-3)Gal(b1-4)GlcNAc(b1-3)Gal(b1-4)GlcNAc(b1-2)Man(a1-6)[Neu5Ac(a2-6)Gal(b1-4)GlcNAc(b1-3)Gal(b1-4)GlcNAc(b1-3)Gal(b1-4)GlcNAc(b1-2)Man(a1-3)]Man(b1-4)GlcNAc(b1-4)GlcNAc(b1-Sp12,32.599325,67.079075,116.991375,218.655475,764.424825,1563.976675,low
Neu5Ac(a2-3)Gal(b1-4)GlcNAc(b1-3)Gal(b1-4)GlcNAc(b1-3)Gal(b1-4)GlcNAc(b1-2)Man(a1-6)[Neu5Ac(a2-3)Gal(b1-4)GlcNAc(b1-3)Gal(b1-4)GlcNAc(b1-3)Gal(b1-4)GlcNAc(b1-2)Man(a1-3)]Man(b1-4)GlcNAc(b1-4)GlcNAc(b1-Sp12,18.852175,98.7168,72.81245,121.90575,191.852925,191.0905,low
Neu5Ac(a2-6)Gal(b1-4)GlcNAc(b1-3)Gal(b1-4)GlcNAc(b1-2)Man(a1-6)[Neu5Ac(a2-6)Gal(b1-4)GlcNAc(b1-3)Gal(b1-4)GlcNAc(b1-2)Man(a1-3)]Man(b1-4)GlcNAc(b1-4)GlcNAc(b1-Sp12,11.941425,39.239225,179.282975,414.99725,1192.2933,4524.84735,medium
GlcNAc(b1-3)Fuc(a1-Sp21,3.5035,30.139,14.364825,5.079525,4.854975,11.6317,low
Gal(b1-3)GalNAc(b1-4)[Neu5Ac(a2-8)Neu5Ac(a2-8)Neu5Ac(a2-3)]Gal(b1-4)Glc(b1-Sp21,8.534275,9.109875,21.562,9.1705,11.2451,29.003625,low